career_name,osca_code,osca_title,candidate_rank,isco08_code,isco08_title,partial_correspondence,esco_code,esco_concept_uri,esco_title,matched_label,matched_label_type,exact_label_match,similarity_score,esco_description,decision,review_reason
Accountant (General),211131,Accountant (General),1,2411,Accountants,yes,2411.1.8,http://data.europa.eu/esco/occupation/5e5b1b61-1351-4d3b-a293-deb3661715dd,financial controller,accountant,alternative_label,no,71.43,"Financial controllers handle all tasks related to the budgeting and accounting aspects of a company or organisation. They implement and ensure compliance with internal financial and accounting procedures, and prepare documentation for external audits. They collect information related to financial statements such as assets, liabilities, equity, and cash flow in order to assess the company's financial position to prepare annual budgets and forecasts.",,
Accountant (General),211131,Accountant (General),2,2411,Accountants,yes,2411.1,http://data.europa.eu/esco/occupation/eda0d957-3c3c-4139-b89a-a18bc9e18897,accountant,accountant,preferred_label,no,71.43,"Accountants review and analyse financial statements, budgets, financial reports, and business plans in order to check for irregularities resulting from error or fraud, and provide their clients with financial advice in matters such as financial forecasting and risk analysis. They may audit financial data, resolve insolvency cases, prepare tax returns and provide other tax-related advice in reference to current legislation.",,
Accountant (General),211131,Accountant (General),3,2411,Accountants,yes,2411.1.1,http://data.europa.eu/esco/occupation/caafca69-9faa-4850-8930-a3fa07fea4e6,accounting analyst,accounts analyst,alternative_label,no,64.71,"Accounting analysts evaluate the financial statements of clients, usually companies, which include the income sheet, the balance sheet, the statement of cash flows and additional notes to other financial statements. They interpret and implement new accounting systems and accounting procedures and will analyse and determine if the proposed systems conform to accounting regulations and meet user information requirements.",,
Civil Engineer,243231,Civil Engineer,1,2142,Civil engineers,yes,2142.1,http://data.europa.eu/esco/occupation/d7d986e1-7333-431b-9719-0c5c6939e360,civil engineer,civil engineer,preferred_label,yes,100.0,"Civil engineers design, plan, and develop technical and engineering specifications for infrastructure and construction projects. They apply engineering knowledge in a vast array of projects, from the construction of infrastructure for transportation, housing projects, and luxury buildings, to the construction of natural sites. They design plans that seek to optimise materials and integrate specifications and resource allocation within the time constraints.",,
Civil Engineer,243231,Civil Engineer,2,2142,Civil engineers,yes,2142.1.2,http://data.europa.eu/esco/occupation/2a914d26-42aa-46b5-acf3-097d51ba4617,construction engineer,site engineer,alternative_label,no,74.07,Construction engineers interpret building designs and add technical specifications to construction projects. They integrate engineering principles into the designs to ensure that structures are safe and resistant. They work together with architects and engineers to transform design ideas into executable plans.,,
Civil Engineer,243231,Civil Engineer,3,2142,Civil engineers,yes,2142.1.3,http://data.europa.eu/esco/occupation/a377fafb-7e6e-4925-bc64-8099b58aafb8,drainage engineer,drain engineer,alternative_label,no,71.43,"Drainage engineers design and construct drainage systems for sewers and storm water systems. They evaluate the options to design drainage systems that meet the requirements while ensuring compliance with legislation and environmental standards and policies. Drainage engineers choose the most optimal drainage system to prevent floods, control irrigation and direct sewage away from water sources.",,
Cloud Engineer,273331,Cloud Engineer,1,2512,Software developers,yes,2512.1,http://data.europa.eu/esco/occupation/349ee6f6-c295-4c38-9b98-48765b55280e,cloud engineer,cloud engineer,preferred_label,yes,100.0,"Cloud engineers are responsible for the design, planning, management and maintenance of cloud-based systems. They develop and implement cloud-applications, handle the migration of existing on-premise applications to the cloud, and debug cloud stacks.",,
Cloud Engineer,273331,Cloud Engineer,2,2512,Software developers,yes,2512.7,http://data.europa.eu/esco/occupation/cc867bee-ab5c-427f-9244-f7a204d9574b,cloud DevOps engineer,cloud DevOps engineer,preferred_label,no,80.0,"Cloud DevOps engineers implement and manage continuous software delivery systems and methodologies. This includes managing and configuring code repositories, build services, automated testing, and deployment mechanisms. For cloud-based workloads, a Cloud DevOps Engineer define and deploy infrastructure as code, automating test and development environments. They can define and configure automated disaster recovery solutions that meet business objectives.",,
Cloud Engineer,273331,Cloud Engineer,3,2512,Software developers,yes,2512.4.1,http://data.europa.eu/esco/occupation/24135b84-cbdd-4d42-9ed2-02fd982d15b2,blockchain developer,DLT engineer,alternative_label,no,76.92,"Blockchain developers implement or program blockchain-based software systems based on specifications and designs by using programming languages, tools, and blockchain platforms.",,
Content Creator (Marketing),221531,Content Creator (Marketing),1,2431,Advertising and marketing professionals,yes,2431.1,http://data.europa.eu/esco/occupation/b1ab3572-fa2f-4624-8eac-3c3d986d237b,advertising copywriter,content marketer,alternative_label,no,68.29,"Advertising copywriters are responsible for the written or verbal design of advertisements and commercials. They write slogans, catchphrases and work closely together with advertising artists.",,
Content Creator (Marketing),221531,Content Creator (Marketing),2,2431,Advertising and marketing professionals,yes,2431.10.4,http://data.europa.eu/esco/occupation/356227b9-2263-4dbd-81e9-7dfc6d3f3af7,online marketer,internet marketer,alternative_label,no,57.14,"Online marketers use e-mail, internet and social media in order to market goods and brands.",,
Content Creator (Marketing),221531,Content Creator (Marketing),3,2431,Advertising and marketing professionals,yes,2431.6,http://data.europa.eu/esco/occupation/725090a7-9943-4dae-8079-a6999d21ddba,client relations manager,client relations manager,preferred_label,no,57.14,Client relations managers act as the middle person between a company and its customers. They ensure that the customers are satisfied by providing them with guidance and explanation on their accounts and services received by the company. They also have possible other tasks such as developing plans or delivering proposals.,,
Cyber Security Advice and Assessment Specialist,271132,Cyber Security Advice and Assessment Specialist,1,2529,Database and network professionals not elsewhere classified,yes,2529.2,http://data.europa.eu/esco/occupation/0c448a27-10ec-43ba-b880-d9938bade424,digital forensics expert,cybersecurity and forensic specialist,alternative_label,no,73.81,"Digital forensics experts retrieve and analyse information from computers and other types of data storage devices. They examine digital media that may have been hidden, encrypted or damaged, in a forensic manner with the aim to identify, preserve, recover, analyse and present facts and opinions about the digital information.",,
Cyber Security Advice and Assessment Specialist,271132,Cyber Security Advice and Assessment Specialist,2,2529,Database and network professionals not elsewhere classified,yes,2529.4,http://data.europa.eu/esco/occupation/76ef0a87-6afe-4560-b5d0-9a086abe45c5,ethical hacker,cybersecurity specialist,alternative_label,no,67.61,"Ethical hackers perform security vulnerability assessments and penetration tests in accordance with industry-accepted methods and protocols. They analyse systems for potential vulnerabilities that may result from improper system configuration, hardware or software flaws, or operational weaknesses.",,
Cyber Security Advice and Assessment Specialist,271132,Cyber Security Advice and Assessment Specialist,3,2529,Database and network professionals not elsewhere classified,yes,2529.8,http://data.europa.eu/esco/occupation/7754d570-9519-48c2-b1c9-8e165f8bca0f,cybersecurity risk manager,cybersecurity specialist,alternative_label,no,67.61,"Cybersecurity risk managers identify, analyse, assess, estimate and mitigate cybersecurity-related risks of ICT infrastructures such as systems or services. They manage these aspects by planning risk analysis, applying, reporting, assessing, communicating, and treating them. They establish a risk management strategy for the organisation and ensure that risks remain at an acceptable level for the organisation by selecting mitigation actions and controls.",,
Cyber Security Analyst,271133,Cyber Security Analyst,1,2529,Database and network professionals not elsewhere classified,yes,2529.2,http://data.europa.eu/esco/occupation/0c448a27-10ec-43ba-b880-d9938bade424,digital forensics expert,cybersecurity analyst,alternative_label,no,97.67,"Digital forensics experts retrieve and analyse information from computers and other types of data storage devices. They examine digital media that may have been hidden, encrypted or damaged, in a forensic manner with the aim to identify, preserve, recover, analyse and present facts and opinions about the digital information.",,
Cyber Security Analyst,271133,Cyber Security Analyst,2,2529,Database and network professionals not elsewhere classified,yes,2529.8,http://data.europa.eu/esco/occupation/7754d570-9519-48c2-b1c9-8e165f8bca0f,cybersecurity risk manager,cybersecurity impact analyst,alternative_label,no,84.0,"Cybersecurity risk managers identify, analyse, assess, estimate and mitigate cybersecurity-related risks of ICT infrastructures such as systems or services. They manage these aspects by planning risk analysis, applying, reporting, assessing, communicating, and treating them. They establish a risk management strategy for the organisation and ensure that risks remain at an acceptable level for the organisation by selecting mitigation actions and controls.",,
Cyber Security Analyst,271133,Cyber Security Analyst,3,2529,Database and network professionals not elsewhere classified,yes,2529.4,http://data.europa.eu/esco/occupation/76ef0a87-6afe-4560-b5d0-9a086abe45c5,ethical hacker,cybersecurity specialist,alternative_label,no,78.26,"Ethical hackers perform security vulnerability assessments and penetration tests in accordance with industry-accepted methods and protocols. They analyse systems for potential vulnerabilities that may result from improper system configuration, hardware or software flaws, or operational weaknesses.",,
Cyber Security Architect,271134,Cyber Security Architect,1,2529,Database and network professionals not elsewhere classified,yes,2529.7,http://data.europa.eu/esco/occupation/0ce5a9f4-e00a-4bbe-b255-3c63407167a4,cyber incident responder,ICT security architect,alternative_label,no,86.96,"Cyber incident responders monitor and assess cybersecurity state systems, analysing, evaluating, and mitigating the impact of cybersecurity incidents. Moreover, they identify malicious actors and cyber incidents root causes. According to the organisation’s Incident Response Plan, they restore systems and process functionalities to an operational state, collecting evidence and documenting actions taken.",,
Cyber Security Architect,271134,Cyber Security Architect,2,2529,Database and network professionals not elsewhere classified,yes,2529.4,http://data.europa.eu/esco/occupation/76ef0a87-6afe-4560-b5d0-9a086abe45c5,ethical hacker,cybersecurity tester,alternative_label,no,77.27,"Ethical hackers perform security vulnerability assessments and penetration tests in accordance with industry-accepted methods and protocols. They analyse systems for potential vulnerabilities that may result from improper system configuration, hardware or software flaws, or operational weaknesses.",,
Cyber Security Architect,271134,Cyber Security Architect,3,2529,Database and network professionals not elsewhere classified,yes,2529.8,http://data.europa.eu/esco/occupation/7754d570-9519-48c2-b1c9-8e165f8bca0f,cybersecurity risk manager,ICT security chief,alternative_label,no,71.43,"Cybersecurity risk managers identify, analyse, assess, estimate and mitigate cybersecurity-related risks of ICT infrastructures such as systems or services. They manage these aspects by planning risk analysis, applying, reporting, assessing, communicating, and treating them. They establish a risk management strategy for the organisation and ensure that risks remain at an acceptable level for the organisation by selecting mitigation actions and controls.",,
Cyber Security Engineer,271135,Cyber Security Engineer,1,2512,Software developers,yes,2512.1,http://data.europa.eu/esco/occupation/349ee6f6-c295-4c38-9b98-48765b55280e,cloud engineer,cloud security engineer,alternative_label,no,82.61,"Cloud engineers are responsible for the design, planning, management and maintenance of cloud-based systems. They develop and implement cloud-applications, handle the migration of existing on-premise applications to the cloud, and debug cloud stacks.",,
Cyber Security Engineer,271135,Cyber Security Engineer,2,2512,Software developers,yes,2512.5,http://data.europa.eu/esco/occupation/866c7813-2c03-47d7-9bdc-192cfbace57c,user interface developer,user interface engineer,alternative_label,no,60.87,"User interface developers implement, code, document and maintain the interface of a software system by using front-end development technologies.",,
Cyber Security Engineer,271135,Cyber Security Engineer,3,2512,Software developers,yes,2512.7,http://data.europa.eu/esco/occupation/cc867bee-ab5c-427f-9244-f7a204d9574b,cloud DevOps engineer,devops engineer,alternative_label,no,57.89,"Cloud DevOps engineers implement and manage continuous software delivery systems and methodologies. This includes managing and configuring code repositories, build services, automated testing, and deployment mechanisms. For cloud-based workloads, a Cloud DevOps Engineer define and deploy infrastructure as code, automating test and development environments. They can define and configure automated disaster recovery solutions that meet business objectives.",,
Data Analyst,223231,Data Analyst,1,2120,"Mathematicians, actuaries and statisticians",yes,2120.1,http://data.europa.eu/esco/occupation/068c2787-58ff-468e-bbb6-c4e5dd6ee482,actuarial consultant,actuarial analyst,alternative_label,no,75.86,"Actuarial consultants analyse, manage and provide guidance on financial impact of risks. They can work in fields related to insurance, pension, investment, banking, healthcare etc. Actuarial consultants apply technical and statistical models and theories to give strategic, commercial, and financial advice.",,
Data Analyst,223231,Data Analyst,2,2120,"Mathematicians, actuaries and statisticians",yes,2120.6,http://data.europa.eu/esco/occupation/ac8b3cd1-a127-4e6a-8208-5cfcf7111955,statistician,statistical data analyst,alternative_label,no,66.67,"Statisticians collect, tabulate, and, most importantly, analyse quantitative information coming from a varied array of fields. They interpret and analyse statistical studies on fields such as health, demographics, finance, business, etc. and advise based on patterns and drawn analysis.",,
Data Analyst,223231,Data Analyst,3,2120,"Mathematicians, actuaries and statisticians",yes,2120.2,http://data.europa.eu/esco/occupation/ff656b3a-65a8-4b4f-b04e-9db12936519b,demographer,demography analyst,alternative_label,no,66.67,"Demographers study a variety of parameters related with population. They develop, based on their observations, statistical analyses on the evolutions and changes of births, elderly, marriage and divorce, employment, mortality, immigration and related matters.",,
Data Architect,223232,Data Architect,1,2120,"Mathematicians, actuaries and statisticians",yes,2120.1,http://data.europa.eu/esco/occupation/068c2787-58ff-468e-bbb6-c4e5dd6ee482,actuarial consultant,actuaries,alternative_label,no,52.17,"Actuarial consultants analyse, manage and provide guidance on financial impact of risks. They can work in fields related to insurance, pension, investment, banking, healthcare etc. Actuarial consultants apply technical and statistical models and theories to give strategic, commercial, and financial advice.",,
Data Architect,223232,Data Architect,2,2120,"Mathematicians, actuaries and statisticians",yes,2120.5,http://data.europa.eu/esco/occupation/72628f3a-fd49-499a-9741-870b0a1fcef2,mathematician,mathematics research scientist,alternative_label,no,50.0,"Mathematicians study and deepen existing mathematical theories in order to expand the knowledge and find new paradigms within the field. They can apply this knowledge to challenges presented in engineering and scientific projects in order to assure that measurements, quantities, and mathematic laws prove their viability.",,
Data Architect,223232,Data Architect,3,2120,"Mathematicians, actuaries and statisticians",yes,2120.6,http://data.europa.eu/esco/occupation/ac8b3cd1-a127-4e6a-8208-5cfcf7111955,statistician,statistical research scientist,alternative_label,no,50.0,"Statisticians collect, tabulate, and, most importantly, analyse quantitative information coming from a varied array of fields. They interpret and analyse statistical studies on fields such as health, demographics, finance, business, etc. and advise based on patterns and drawn analysis.",,
Data Engineer,223233,Data Engineer,1,2120,"Mathematicians, actuaries and statisticians",yes,2120.4,http://data.europa.eu/esco/occupation/491cf76d-eb0d-4f15-90f0-3f5c9b11472a,gambling quality assurance engineer,gambling engineer,alternative_label,no,66.67,"Gambling quality assurance engineers design and plan methods to test the gambling, the lottery or betting games. They execute the tests. These games can be both for public or for private audience, and the tests are for both online and land-based gaming.",,
Data Engineer,223233,Data Engineer,2,2120,"Mathematicians, actuaries and statisticians",yes,2120.3,http://data.europa.eu/esco/occupation/18552245-3c36-4a52-b4c6-295cabb5c93b,gambling games developer,gambling designer,alternative_label,no,46.67,"Gambling games developers create, develop and produce content for lottery, betting and similar gambling games for large audiences.",,
Data Engineer,223233,Data Engineer,3,2120,"Mathematicians, actuaries and statisticians",yes,2120.5,http://data.europa.eu/esco/occupation/72628f3a-fd49-499a-9741-870b0a1fcef2,mathematician,mathematics researcher,alternative_label,no,45.71,"Mathematicians study and deepen existing mathematical theories in order to expand the knowledge and find new paradigms within the field. They can apply this knowledge to challenges presented in engineering and scientific projects in order to assure that measurements, quantities, and mathematic laws prove their viability.",,
Data Scientist,223234,Data Scientist,1,2120,"Mathematicians, actuaries and statisticians",yes,2120.5,http://data.europa.eu/esco/occupation/72628f3a-fd49-499a-9741-870b0a1fcef2,mathematician,mathematics scientist,alternative_label,no,74.29,"Mathematicians study and deepen existing mathematical theories in order to expand the knowledge and find new paradigms within the field. They can apply this knowledge to challenges presented in engineering and scientific projects in order to assure that measurements, quantities, and mathematic laws prove their viability.",,
Data Scientist,223234,Data Scientist,2,2120,"Mathematicians, actuaries and statisticians",yes,2120.6,http://data.europa.eu/esco/occupation/ac8b3cd1-a127-4e6a-8208-5cfcf7111955,statistician,statistical scientist,alternative_label,no,74.29,"Statisticians collect, tabulate, and, most importantly, analyse quantitative information coming from a varied array of fields. They interpret and analyse statistical studies on fields such as health, demographics, finance, business, etc. and advise based on patterns and drawn analysis.",,
Data Scientist,223234,Data Scientist,3,2120,"Mathematicians, actuaries and statisticians",yes,2120.2,http://data.europa.eu/esco/occupation/ff656b3a-65a8-4b4f-b04e-9db12936519b,demographer,demography scientist,alternative_label,no,70.59,"Demographers study a variety of parameters related with population. They develop, based on their observations, statistical analyses on the evolutions and changes of births, elderly, marriage and divorce, employment, mortality, immigration and related matters.",,
DevOps Engineer,273332,DevOps Engineer,1,2512,Software developers,yes,2512.7,http://data.europa.eu/esco/occupation/cc867bee-ab5c-427f-9244-f7a204d9574b,cloud DevOps engineer,devops engineer,alternative_label,yes,100.0,"Cloud DevOps engineers implement and manage continuous software delivery systems and methodologies. This includes managing and configuring code repositories, build services, automated testing, and deployment mechanisms. For cloud-based workloads, a Cloud DevOps Engineer define and deploy infrastructure as code, automating test and development environments. They can define and configure automated disaster recovery solutions that meet business objectives.",,
DevOps Engineer,273332,DevOps Engineer,2,2512,Software developers,yes,2512.4.1,http://data.europa.eu/esco/occupation/24135b84-cbdd-4d42-9ed2-02fd982d15b2,blockchain developer,DLT engineer,alternative_label,no,74.07,"Blockchain developers implement or program blockchain-based software systems based on specifications and designs by using programming languages, tools, and blockchain platforms.",,
DevOps Engineer,273332,DevOps Engineer,3,2512,Software developers,yes,2512.1,http://data.europa.eu/esco/occupation/349ee6f6-c295-4c38-9b98-48765b55280e,cloud engineer,cloud engineer,preferred_label,no,68.97,"Cloud engineers are responsible for the design, planning, management and maintenance of cloud-based systems. They develop and implement cloud-applications, handle the migration of existing on-premise applications to the cloud, and debug cloud stacks.",,
Digital Marketing Analyst,221532,Digital Marketing Analyst,1,2431,Advertising and marketing professionals,yes,2431.10,http://data.europa.eu/esco/occupation/4791e217-d607-40d5-9f84-df1d0a071cbc,marketing consultant,marketing analyst,alternative_label,no,80.95,"Marketing consultants advise companies in the development of marketing strategies for specific purposes. They can advise and develop strategies for the entry of a brand in the market, for the re-launch of a product, for the introduction of a new product, or for the positioning of a commercial image. They perform previous studies of the position of the company and perception of customers in order to define the marketing approach.",,
Digital Marketing Analyst,221532,Digital Marketing Analyst,2,2431,Advertising and marketing professionals,yes,2431.11,http://data.europa.eu/esco/occupation/66fb9704-0d56-4673-8e69-7823816b73e1,market research analyst,market analyst,alternative_label,no,71.79,"Market research analysts collect the information gathered in the market research and study it to draw conclusions. They define the potential customers of a product, the target group and the way they can be reached. Market research analysts analyse the position of products in the market from different perspectives such as features, prices and competitors. They analyse cross selling and interdependencies between different products and their placement. Market research analysts prepare information helpful for the development of marketing strategies.",,
Digital Marketing Analyst,221532,Digital Marketing Analyst,3,2431,Advertising and marketing professionals,yes,2431.10.4,http://data.europa.eu/esco/occupation/356227b9-2263-4dbd-81e9-7dfc6d3f3af7,online marketer,digital marketer,alternative_label,no,68.29,"Online marketers use e-mail, internet and social media in order to market goods and brands.",,
Electrical Engineer,243331,Electrical Engineer,1,2151,Electrical engineers,yes,2151.1,http://data.europa.eu/esco/occupation/86ca306c-ab99-420a-9e2a-aa73c5c4de22,electrical engineer,electrical engineer,preferred_label,yes,100.0,"Electrical engineers design and develop electrical systems, electrical equipment, components, motors, and equipment with the feature of energy transmission. They engage in large scale projects such as the design and maintenance of power stations, and the distribution of power to smaller applications such as household appliances.",,
Electrical Engineer,243331,Electrical Engineer,2,2151,Electrical engineers,yes,2151.1.4,http://data.europa.eu/esco/occupation/e69697d0-2639-4aad-b73a-05e0b98357b1,mine electrical engineer,electrical engineer,alternative_label,yes,100.0,"Mine electrical engineers supervise the procurement, installation and maintenance of mining electrical equipment, using their knowledge of electrical and electronic principles. They organise the replacement and repair of electrical equipment and components.",,
Electrical Engineer,243331,Electrical Engineer,3,2151,Electrical engineers,yes,2151.1.3,http://data.europa.eu/esco/occupation/77abfaec-a250-4765-95fa-6091e8da1bba,electromechanical engineer,electromechanical engineer,preferred_label,no,84.44,"Electromechanical engineers design and develop equipment and machinery that use both electrical and mechanical technology. They make draughts and prepare documents detailing the material requisitions, the assembly process and other technical specifications. Electromechanical engineers also test and evaluate the prototypes. They oversee the manufacturing process.",,
Graphic Designer,242332,Graphic Designer,1,2166,Graphic and multimedia designers,yes,2166.9,http://data.europa.eu/esco/occupation/69bcbb0a-8d80-4ecd-b0a4-9adea2a40de2,graphic designer,graphic designer,preferred_label,yes,100.0,"Graphic designers create text and images to communicate ideas. They make visual concepts by hand or using computer software, intended for publishing in paper or online media such as advertisements, websites, and magazines.",,
Graphic Designer,242332,Graphic Designer,2,2166,Graphic and multimedia designers,yes,2166.15,http://data.europa.eu/esco/occupation/30ed83ba-cc89-4d9f-a59d-5c783c1da56e,web designer,graphic web designer,alternative_label,no,88.89,"Web designers are in charge of creating the visual elements, layout and other aspects such as the easiness of use of a website. They follow the different phases of a website creation from the design to the implementation until it goes live. They work side by side with front-end developers to design user interfaces that met the needs of customers and are also appealing. They are responsible of developing mock-ups and of confirming the technical feasibility of the product. They can use and put together various types of elements for the website including graphics, animations, text, videos and photos. They are in contact with clients and stakeholders of the company to ensure that the design of the website meets their needs.",,
Graphic Designer,242332,Graphic Designer,3,2166,Graphic and multimedia designers,yes,2166.3.1,http://data.europa.eu/esco/occupation/52df9d56-efd4-48d0-ad93-59231943fc4c,3D animator,CGI designer,alternative_label,no,78.57,"3D animators are in charge of animating 3D models of objects, virtual environments, layouts, characters and 3D virtual animated agents.",,
Health Information Manager,223933,Health Information Manager,1,3252,Medical records and health information technicians,yes,3252.2,http://data.europa.eu/esco/occupation/983c2816-a339-4817-97f4-151a9ff3e64d,medical records manager,health records manager,alternative_label,no,70.83,"Medical records managers are responsible for managing activities of medical records units which maintain and secure patient data. They supervise, oversee and train employees while implementing medical department policies.",,
Health Information Manager,223933,Health Information Manager,2,3252,Medical records and health information technicians,yes,3252.3,http://data.europa.eu/esco/occupation/32ac76f6-20a0-469e-8cac-e68634087dd3,picture archiving and communication systems administrator,PACS administration manager,alternative_label,no,67.92,"Picture archiving and communication systems administrators manage picture archiving and communication systems (PACS). They store images taken by various types of medical equipment, such as X-rays, in order to enable easy access to these images for medical. PACS administrators ensure the day-to-day management and maintenance of the system.",,
Health Information Manager,223933,Health Information Manager,3,3252,Medical records and health information technicians,yes,3252.4,http://data.europa.eu/esco/occupation/92be1fac-97c4-4d4d-ada7-f6aa07d6f316,waiting list coordinator,healthcare waiting list manager,alternative_label,no,63.16,Waiting list coordinators guarantee the day to day management of waiting list time. They plan when operation rooms are available and call patients in to be operated. Waiting list coordinators make sure to optimise the use of resources.,,
Human Resources Adviser,222131,Human Resources Adviser,1,2423,Personnel and career professionals,yes,2423.3,http://data.europa.eu/esco/occupation/d3e32e5e-7f24-48e3-b939-e4f800eb62fb,human resources officer,human resources director,alternative_label,no,85.11,"Human resources officers develop and implement strategies that help their employers select and retain appropriately qualified staff within that business sector. They recruit staff, prepare job advertisements, interview and short-list people, negotiate with employment agencies, and set up working conditions. Human resources officers also administer the payroll, review salaries and advise on remuneration benefits and employment law. They arrange for training opportunities to enhance employees' performance.",,
Human Resources Adviser,222131,Human Resources Adviser,2,2423,Personnel and career professionals,yes,2423.1,http://data.europa.eu/esco/occupation/5d0cc30d-068a-424c-8463-f42872a7149e,career guidance advisor,careers advisor,alternative_label,no,63.16,"Career guidance advisors provide guidance and advice to adults and students on making educational, training and occupational choices and assist people in managing their careers, through career planning and career exploration. They help identify options for future careers, assist beneficiaries in the development of their curriculum and help people reflect on their ambitions, interests and qualifications. Career guidance advisors may provide advice on various career planning issues and make suggestions for lifelong learning if necessary, including study recommendations. They may also assist the individual in the search for a job or provide guidance and advice to prepare a candidate for recognition of prior learning.",,
Human Resources Adviser,222131,Human Resources Adviser,3,2423,Personnel and career professionals,yes,2423.4,http://data.europa.eu/esco/occupation/20b9f370-6b56-4679-8c06-c23b866a5bd0,labour relations officer,union representative,alternative_label,no,51.16,"Labour relations officers implement labour policy in an organisation, and advise trade unions on policies and negotiation. They handle disputes, and advise management on personnel policy as well as facilitate communication between trade unions and managerial staff.",,
ICT Business Analyst,273232,ICT Business Analyst,1,2511,Systems analysts,yes,2511.9,http://data.europa.eu/esco/occupation/fe0fa514-b48d-4a53-9757-a283c0baacf0,ICT business analyst,ICT business analyst,preferred_label,yes,100.0,"ICT business analysts are in charge of analysing and designing an organisation's processes and systems, assessing the business model and its integration with technology. They also identify change needs, assess the impact of the change, capture and document requirements and then ensure that these requirements are delivered whilst supporting the business through the implementation process.",,
ICT Business Analyst,273232,ICT Business Analyst,2,2511,Systems analysts,yes,2511.8,http://data.europa.eu/esco/occupation/4b3201cb-ffc5-4f61-9fc3-5c0f0038fa5f,ICT business analysis manager,lead IT business analyst,alternative_label,no,86.36,ICT business analysis managers identify areas where information system changes are needed to support business plans and monitor the impact in terms of change management. They contribute to the general ICT functional requirements of the business organisation. ICT business analysis managers analyse business needs and translate them into ICT solutions.,,
ICT Business Analyst,273232,ICT Business Analyst,3,2511,Systems analysts,yes,2511.3,http://data.europa.eu/esco/occupation/d3edb8f8-3a06-47a0-8fb9-9b212c006aa2,data analyst,business data analyst,alternative_label,no,78.05,"Data analysts import, inspect, clean, transform, validate, model, or interpret collections of data with regard to the business goals of the company. They ensure that the data sources and repositories provide consistent and reliable data. Data analysts use different algorithms and IT tools as demanded by the situation and the current data. They might prepare reports in the form of visualisations such as graphs, charts, and dashboards.",,
Industrial Engineer,243531,Industrial Engineer,1,2141,Industrial and production engineers,yes,2141.4,http://data.europa.eu/esco/occupation/53d2052f-edc0-4f44-8be1-164526412bfe,industrial engineer,industrial engineer,preferred_label,yes,100.0,"Industrial engineers design a vast array of production systems aiming to present efficient and effective solutions. They integrate a varied number of variables such as workers, technology, ergonomics, production flows, and product specifications for the design and implementation of production systems. They can specify and design for microsystems as well.",,
Industrial Engineer,243531,Industrial Engineer,2,2141,Industrial and production engineers,yes,2141.5,http://data.europa.eu/esco/occupation/91d0f74b-8612-49cc-a7da-83ee3c4b94d9,leather goods industrial engineer,industrial engineer,alternative_label,yes,100.0,"Leather goods industrial engineers analyse product technical specifications, define productive operations and their sequence, refine working methods and calculate operative times by using time measurement techniques. They address human and technological resources to each operation and define distribution of work according to production capacity. All their activities and tasks have the objective of maximising productivity and reducing production costs, assuring the functionality and quality of product and customer satisfaction.",,
Industrial Engineer,243531,Industrial Engineer,3,2149,Engineering professionals not elsewhere classified,yes,2149.9.7,http://data.europa.eu/esco/occupation/0e99c929-364f-4b0a-8a64-2aab42420f00,renewable energy engineer,industrial energy engineer,alternative_label,no,84.44,"Renewable energy engineers research alternative sources of energy in order to design systems for renewable energy production. They strive to optimise energy production from renewable sources, and reduce production expenses and environmental strain. They design systems which focus on energy sustainability and efficiency.",,
Management Accountant,211134,Management Accountant,1,2411,Accountants,yes,2411.1.4,http://data.europa.eu/esco/occupation/4e4a291d-1d38-4c5a-812a-5827d0691b11,budget analyst,budget accountant,alternative_label,no,73.68,"Budget analysts monitor the spending activities of public and private institutions and companies. They prepare budget reports, review the budget model used in the company and ensure compliance with the budgeting policies and other legal regulations.",,
Management Accountant,211134,Management Accountant,2,2411,Accountants,yes,2411.1.11,http://data.europa.eu/esco/occupation/78db356f-a96a-4456-ab29-2de62e52f830,public finance accountant,finance accountant,alternative_label,no,71.79,"Public finance accountants head the treasury department of a governmental institution. They manage the institution's financial administration, expenditure and income generation, and compliance with taxation and other financial legislation. They perform administrative duties to ensure record keeping, develop plans for budget management and perform financial forecasts.",,
Management Accountant,211134,Management Accountant,3,2411,Accountants,yes,2411.1.7,http://data.europa.eu/esco/occupation/1ad59946-d13e-441e-9b36-56e1df055e21,financial auditor,chartered accountant,alternative_label,no,68.29,"Financial auditors collect and examine financial data for clients, organisations and companies. They ensure the financial data is properly maintained and free of material misstatements due to error or fraud, that it adds up, and functions legally and effectively. They review lending and credit policies or numbers in databases and documents, evaluate, consult and assist the source of the transaction if necessary. They use their review of the client's financial governance as assurance to give testimony to the shareholders, stakeholders and board of directors of the organisation or company that all is up to par.",,
Management Consultant,223432,Management Consultant,1,2421,Management and organisation analysts,yes,2421.1,http://data.europa.eu/esco/occupation/60082a99-d8ef-4e84-9290-78902681b6ed,business analyst,management consultant,alternative_label,yes,100.0,"Business analysts research and understand the strategic position of businesses and companies in relation to their markets and their stakeholders. They analyse and present their views on how the company, from many perspectives, can improve its strategic position and internal corporate structure. They assess needs for change, communication methods, technology, IT tools, new standards and certifications.",,
Management Consultant,223432,Management Consultant,2,2421,Management and organisation analysts,yes,2421.6,http://data.europa.eu/esco/occupation/a520fba4-2a29-43a0-bfd5-43892306501d,building information modelling consultant,BIM consultant,alternative_label,no,68.57,"Building information modelling consultants advice, guide and evaluate clients in building information modelling (BIM) business processes, as well as construction teams on performing BIM technologies. They manage the communication with staff and clients, implement strategies and BIM solutions for completing the deliverables, and draft documents such as flow charts, agendas and guides for best practices.",,
Management Consultant,223432,Management Consultant,3,2421,Management and organisation analysts,yes,2421.2,http://data.europa.eu/esco/occupation/6a29d804-f775-446c-bec7-35fc4e28ac97,business consultant,business consultant,preferred_label,no,65.0,"Business consultants analyse the position, structure and processes of businesses and companies and offer services or advice to improve them. They research and identify business processes such as financial inefficiencies or employee management and devise strategical plans to overcome these difficulties. They work in external consulting firms where they provide an objective view on a business and or company's structure and methodological processes.",,
Market Research Analyst,221533,Market Research Analyst,1,2431,Advertising and marketing professionals,yes,2431.11,http://data.europa.eu/esco/occupation/66fb9704-0d56-4673-8e69-7823816b73e1,market research analyst,market research analyst,preferred_label,yes,100.0,"Market research analysts collect the information gathered in the market research and study it to draw conclusions. They define the potential customers of a product, the target group and the way they can be reached. Market research analysts analyse the position of products in the market from different perspectives such as features, prices and competitors. They analyse cross selling and interdependencies between different products and their placement. Market research analysts prepare information helpful for the development of marketing strategies.",,
Market Research Analyst,221533,Market Research Analyst,2,2431,Advertising and marketing professionals,yes,2431.10,http://data.europa.eu/esco/occupation/4791e217-d607-40d5-9f84-df1d0a071cbc,marketing consultant,marketing analyst,alternative_label,no,70.0,"Marketing consultants advise companies in the development of marketing strategies for specific purposes. They can advise and develop strategies for the entry of a brand in the market, for the re-launch of a product, for the introduction of a new product, or for the positioning of a commercial image. They perform previous studies of the position of the company and perception of customers in order to define the marketing approach.",,
Market Research Analyst,221533,Market Research Analyst,3,2431,Advertising and marketing professionals,yes,2431.14,http://data.europa.eu/esco/occupation/e16c2422-1323-4d8a-bd0f-c7584de70be1,pricing specialist,retail pricing analyst,alternative_label,no,62.22,"Pricing specialists analyse production prices, market trends and competitors in order to establish the right price, taking brand and marketing concepts into consideration.",,
Marketing Specialist,221534,Marketing Specialist,1,2431,Advertising and marketing professionals,yes,2431.10,http://data.europa.eu/esco/occupation/4791e217-d607-40d5-9f84-df1d0a071cbc,marketing consultant,marketing specialist,alternative_label,yes,100.0,"Marketing consultants advise companies in the development of marketing strategies for specific purposes. They can advise and develop strategies for the entry of a brand in the market, for the re-launch of a product, for the introduction of a new product, or for the positioning of a commercial image. They perform previous studies of the position of the company and perception of customers in order to define the marketing approach.",,
Marketing Specialist,221534,Marketing Specialist,2,2431,Advertising and marketing professionals,yes,2431.10.4,http://data.europa.eu/esco/occupation/356227b9-2263-4dbd-81e9-7dfc6d3f3af7,online marketer,online marketing specialist,alternative_label,no,85.11,"Online marketers use e-mail, internet and social media in order to market goods and brands.",,
Marketing Specialist,221534,Marketing Specialist,3,2431,Advertising and marketing professionals,yes,2431.13,http://data.europa.eu/esco/occupation/4163b31e-440b-4991-b5c3-48d0515250ef,network marketer,network marketing specialist,alternative_label,no,83.33,"Network marketers apply various marketing strategies, including ​network marketing strategies to sell products and convince new people to also join in and start selling these products. They use personal relations to attract customers and sell various types of products.",,
Mechanical Engineer,243532,Mechanical Engineer,1,2144,Mechanical engineers,yes,2144.1,http://data.europa.eu/esco/occupation/579254cf-6d69-4889-9000-9c79dc568644,mechanical engineer,mechanical engineer,preferred_label,yes,100.0,"Mechanical engineers research, plan and design mechanical products and systems and supervise the fabrication, operation, application, installation and repair of systems and products. They research and analyse data.",,
Mechanical Engineer,243532,Mechanical Engineer,2,2144,Mechanical engineers,yes,2144.1.15,http://data.europa.eu/esco/occupation/ae8b19cc-8c6e-4a16-ada2-c15f97ded133,optomechanical engineer,optomechanical engineer,preferred_label,no,90.48,"Optomechanical engineers design and develop optomechanical systems, devices, and components, such as optical mirrors and optical mounts. Optomechanical engineering combines optical engineering with mechanical engineering in the design of these systems and devices. They conduct research, perform analysis, test the devices, and supervise the research.",,
Mechanical Engineer,243532,Mechanical Engineer,3,2144,Mechanical engineers,yes,2144.1.12,http://data.europa.eu/esco/occupation/fcbb66f5-843b-4152-9ce4-e7b19c2a88d9,mine mechanical engineer,mine mechanical engineer,preferred_label,no,88.37,"Mine mechanical engineers supervise the procurement, installation, removal and maintenance of mining mechanical equipment, using their knowledge of mechanical specifications. They organise the replacement and repair of mechanical equipment and components.",,
Multimedia Designer,242131,Multimedia Designer,1,2166,Graphic and multimedia designers,yes,2166.15,http://data.europa.eu/esco/occupation/30ed83ba-cc89-4d9f-a59d-5c783c1da56e,web designer,multimedia web designer,alternative_label,no,90.48,"Web designers are in charge of creating the visual elements, layout and other aspects such as the easiness of use of a website. They follow the different phases of a website creation from the design to the implementation until it goes live. They work side by side with front-end developers to design user interfaces that met the needs of customers and are also appealing. They are responsible of developing mock-ups and of confirming the technical feasibility of the product. They can use and put together various types of elements for the website including graphics, animations, text, videos and photos. They are in contact with clients and stakeholders of the company to ensure that the design of the website meets their needs.",,
Multimedia Designer,242131,Multimedia Designer,2,2166,Graphic and multimedia designers,yes,2166.7,http://data.europa.eu/esco/occupation/d5a43cd3-230e-46d0-ba05-d67d61e5cfbb,digital media designer,digital multimedia designer,alternative_label,no,82.61,"Digital media designers create and edit graphics, animations, sound, text and video to assist in the creation of integrated multimedia products. They may perform activities related to the web, social networks, augmented reality and virtual reality but exclude the production of music using physical instruments and complex software sound synthesis tools. Digital media designers may program and build websites, mobile applications and other multimedia products.",,
Multimedia Designer,242131,Multimedia Designer,3,2166,Graphic and multimedia designers,yes,2166.9,http://data.europa.eu/esco/occupation/69bcbb0a-8d80-4ecd-b0a4-9adea2a40de2,graphic designer,commercial designer,alternative_label,no,73.68,"Graphic designers create text and images to communicate ideas. They make visual concepts by hand or using computer software, intended for publishing in paper or online media such as advertisements, websites, and magazines.",,
Occupational Therapist,262331,Occupational Therapist,1,2269,Health professionals not elsewhere classified,yes,2269.4,http://data.europa.eu/esco/occupation/33da5532-8c4e-4d1b-b52e-c201ee1bc7ab,occupational therapist,occupational therapist,preferred_label,yes,100.0,"Occupational therapists assist individuals or groups who have occupational limitations due to diseases, physical disorders, and temporary or permanent mental disabilities, in regaining their ability to perform daily activities. They provide treatment and rehabilitation to enable them to actively participate in society, to live their lives according to their wishes and to perform those activities that are meaningful to them. Occupational therapists work in public health and social care services, but can also be involved in supporting asylum seekers, refugees and/or homeless people.",,
Occupational Therapist,262331,Occupational Therapist,2,2269,Health professionals not elsewhere classified,yes,2269.5,http://data.europa.eu/esco/occupation/82cbe20d-967c-4161-9ecd-eafc724d171c,occupational therapy assistant,occupational therapy assistant,preferred_label,no,84.62,"Occupational therapy assistants support occupational therapists by working with people and communities to enhance their ability to engage in the occupations they want to, need to, or are expected to do, or by modifying the occupation or the environment to better support their occupational engagement. They work under the supervision of an occupational therapist.",,
Occupational Therapist,262331,Occupational Therapist,3,2269,Health professionals not elsewhere classified,yes,2269.9,http://data.europa.eu/esco/occupation/f9395e4d-d66f-49ce-a8f5-721991139e79,recreational therapist,recreational therapist,preferred_label,no,81.82,"Recreational therapists offer treatment to persons who have behavioural disorders or conditions. They use techniques and interventions such as art, music, animals and dance to promote, maintain and restore the development and health of the patient.",,
Physiotherapist,262431,Physiotherapist,1,2264,Physiotherapists,no,2264.2,http://data.europa.eu/esco/occupation/006cc1f9-2841-41c3-991a-dc3f2f3bd533,physiotherapist,physiotherapist,preferred_label,yes,100.0,"Physiotherapists are autonomous health professionals who are responsible for developing, maintaining or restoring motor function and movement throughout the lifespan using evidence-based practice. They relieve pain and treat or prevent physical conditions associated with injury, disease or other impairments. Physiotherapists empower patients and their carers to manage the condition outside clinical settings. They work within their scope of practice and their professional Code of Conduct.",,
Physiotherapist,262431,Physiotherapist,2,2264,Physiotherapists,no,2264.1,http://data.europa.eu/esco/occupation/a317e9c2-62d5-4a24-8ad4-5cb7b9db3f3b,advanced physiotherapist,senior physiotherapist,alternative_label,no,81.08,"Advanced physiotherapists are highly specialised. They make complex decisions and manage risks in unpredictable contexts and within a defined area. They may focus on a specific area of clinical practice, education, research or professional management.",,
Recruitment Consultant,222231,Recruitment Consultant,1,2423,Personnel and career professionals,yes,2423.6,http://data.europa.eu/esco/occupation/068370e0-9c27-4814-87d0-44fbb3140815,recruitment consultant,recruitment consultant,preferred_label,yes,100.0,"Recruitment consultants provide the suitable candidates to employers according to the specific job profile requested. They perform testing and interviewing with job seekers, shortlist few candidates to present to the employers and match candidates to appropriate jobs. Recruitment consultants maintain relationships with employers to offer their services on a more long-term basis.",,
Recruitment Consultant,222231,Recruitment Consultant,2,3339,Business service agents not elsewhere classified,yes,3339.3,http://data.europa.eu/esco/occupation/5a8835bf-65c7-48e3-ab2f-7ad98b3fdb59,intellectual property consultant,patent consultant,alternative_label,no,76.92,"Intellectual property consultants provide advice on the usage of intellectual property assests such as patents, copyrights, and trademarks. They help clients to value, in monetary terms, intellectual property portfolios, to follow adequate legal procedures for protecting of such property, and to perform patent brokerage activities.",,
Recruitment Consultant,222231,Recruitment Consultant,3,3339,Business service agents not elsewhere classified,yes,3339.6,http://data.europa.eu/esco/occupation/2049d7ef-9ebe-41ae-b8b5-e97b77ee58a2,relocation officer,relocation consultant,alternative_label,no,74.42,Relocation officers help businesses and organisations with the move of employees. They are responsible for managing all moving activities including the planning of moving services and the provision of advises on real estate. They look after the general well-being of the employees and their family.,,
Registered Nurse (Acute Care),265432,Registered Nurse (Acute Care),1,2221,Nursing professionals,yes,2221.1,http://data.europa.eu/esco/occupation/36494988-69d2-4420-9db4-eb56605ac983,advanced nurse practitioner,emergency nurse practitioner,alternative_label,no,58.18,"Advanced nurse practitioners are in charge of promoting and restoring patients` health, provide diagnosis and care in advanced settings, coordinating care within areas of chronic disease management, providing integrated care, and supervising assigned team members. Advanced nurse practitioners are general care nurses who have acquired an expert knowledge base, complex decision making skills and clinical competencies for expanded clinical practice on advanced level.",,
Registered Nurse (Acute Care),265432,Registered Nurse (Acute Care),2,2221,Nursing professionals,yes,2221.3,http://data.europa.eu/esco/occupation/18e14e61-495b-44cc-a7c6-df4c625934ba,specialist nurse,specialist nurse practitioner,alternative_label,no,57.14,"Specialist nurses promote and restore people's health, and diagnose and care within a specific branch of the nursing field. Examples of such specialist nursing jobs include but are not restricted to; ambulatory care nurse, advanced practice nurse, cardiac nurse, dental nurse, community health nurse, forensic nurse, gastroenterology nurse, hospice and palliative care nurse, paediatric nurse, public health nurse, rehabilitation nurse, renal nurse and school nurse. Specialist nurses are general care nurses prepared beyond the level of a nurse generalist and authorised to practice as specialists with specific expertise in a branch of the nursing field.",,
Registered Nurse (Acute Care),265432,Registered Nurse (Acute Care),3,2221,Nursing professionals,yes,2221.2,http://data.europa.eu/esco/occupation/8d3e8aaa-791b-4c75-a465-f3f827028f50,nurse responsible for general care,district nurse,alternative_label,no,48.78,"Nurses responsible for general care are in charge of promoting and restoring patients` health by providing physical and psychological support to patients, friends, and families. They also supervise assigned team members.",,
Software Engineer,273333,Software Engineer,1,2512,Software developers,yes,2512.4,http://data.europa.eu/esco/occupation/f2b15a0e-e65a-438a-affb-29b9d50b77d1,software developer,software engineer,alternative_label,yes,100.0,"Software developers implement or program all kinds of software systems based on specifications and designs by using programming languages, tools, and platforms.",,
Software Engineer,273333,Software Engineer,2,2512,Software developers,yes,2512.1,http://data.europa.eu/esco/occupation/349ee6f6-c295-4c38-9b98-48765b55280e,cloud engineer,cloud software engineer,alternative_label,no,85.0,"Cloud engineers are responsible for the design, planning, management and maintenance of cloud-based systems. They develop and implement cloud-applications, handle the migration of existing on-premise applications to the cloud, and debug cloud stacks.",,
Software Engineer,273333,Software Engineer,3,2512,Software developers,yes,2512.3,http://data.europa.eu/esco/occupation/d0aa0792-4345-474b-9365-686cf4869d2e,software architect,software designer,alternative_label,no,82.35,"Software architects create the technical design and the functional model of a software system, based on functional specifications. They also design the architecture of the system or different modules and components related to the business' or customer requirements, technical platform, computer language or development environment.",,
Supply Chain Analyst,223434,Supply Chain Analyst,1,2421,Management and organisation analysts,yes,2421.5,http://data.europa.eu/esco/occupation/51cd3a7a-eae6-4dc6-9f24-179d7ec6d230,logistics analyst,supply chain analyst,alternative_label,yes,100.0,"Logistics analysts streamline product manufacturing, transportation, storage and distribution. They assess production and supply chain problems to determine economically efficient solutions. They assists company managers in decision-making processes and direct programs designed to provide subcontractors, managers and customers with logistic technology.",,
Supply Chain Analyst,223434,Supply Chain Analyst,2,2421,Management and organisation analysts,yes,2421.1,http://data.europa.eu/esco/occupation/60082a99-d8ef-4e84-9290-78902681b6ed,business analyst,business analyst,preferred_label,no,61.11,"Business analysts research and understand the strategic position of businesses and companies in relation to their markets and their stakeholders. They analyse and present their views on how the company, from many perspectives, can improve its strategic position and internal corporate structure. They assess needs for change, communication methods, technology, IT tools, new standards and certifications.",,
Supply Chain Analyst,223434,Supply Chain Analyst,3,2421,Management and organisation analysts,yes,2421.3,http://data.europa.eu/esco/occupation/207d7b18-6540-432e-8aa6-785ed434572f,business intelligence manager,business research analyst,alternative_label,no,53.33,"Business intelligence managers gain knowledge of the industry, the innovative processes therein, and contrast them with the operations of the company in order to improve them. They focus their analysis in the supply chain processes, warehouses, storage, and sales as to facilitate communication and revenue improvement.",,
Taxation Accountant,211135,Taxation Accountant,1,2411,Accountants,yes,2411.1,http://data.europa.eu/esco/occupation/eda0d957-3c3c-4139-b89a-a18bc9e18897,accountant,production accountant,alternative_label,no,75.0,"Accountants review and analyse financial statements, budgets, financial reports, and business plans in order to check for irregularities resulting from error or fraud, and provide their clients with financial advice in matters such as financial forecasting and risk analysis. They may audit financial data, resolve insolvency cases, prepare tax returns and provide other tax-related advice in reference to current legislation.",,
Taxation Accountant,211135,Taxation Accountant,2,2411,Accountants,yes,2411.1.5,http://data.europa.eu/esco/occupation/84871c2a-abd1-45eb-b03a-65e51a26fd84,cost analyst,cost accountant,alternative_label,no,70.59,"Cost analysts prepare regular costs, budgeting analyses and reports in order to contribute to the overall cost planning and forecasting activities of a business. They review and reconcile key balance sheets and identify new opportunities to save costs.",,
Taxation Accountant,211135,Taxation Accountant,3,2411,Accountants,yes,2411.1.11,http://data.europa.eu/esco/occupation/78db356f-a96a-4456-ab29-2de62e52f830,public finance accountant,finance accountant,alternative_label,no,70.27,"Public finance accountants head the treasury department of a governmental institution. They manage the institution's financial administration, expenditure and income generation, and compliance with taxation and other financial legislation. They perform administrative duties to ensure record keeping, develop plans for budget management and perform financial forecasts.",,
UI / UX Designer,242132,UI / UX Designer,1,2166,Graphic and multimedia designers,yes,2166.15,http://data.europa.eu/esco/occupation/30ed83ba-cc89-4d9f-a59d-5c783c1da56e,web designer,ux designer,alternative_label,no,88.0,"Web designers are in charge of creating the visual elements, layout and other aspects such as the easiness of use of a website. They follow the different phases of a website creation from the design to the implementation until it goes live. They work side by side with front-end developers to design user interfaces that met the needs of customers and are also appealing. They are responsible of developing mock-ups and of confirming the technical feasibility of the product. They can use and put together various types of elements for the website including graphics, animations, text, videos and photos. They are in contact with clients and stakeholders of the company to ensure that the design of the website meets their needs.",,
UI / UX Designer,242132,UI / UX Designer,2,2166,Graphic and multimedia designers,yes,2166.3.1,http://data.europa.eu/esco/occupation/52df9d56-efd4-48d0-ad93-59231943fc4c,3D animator,CGI designer,alternative_label,no,76.92,"3D animators are in charge of animating 3D models of objects, virtual environments, layouts, characters and 3D virtual animated agents.",,
UI / UX Designer,242132,UI / UX Designer,3,2166,Graphic and multimedia designers,yes,2166.12,http://data.europa.eu/esco/occupation/c995fe34-0909-4ce3-b7b7-97945efede56,performance video designer,video designer,alternative_label,no,71.43,"Performance video designers develop a projected image design concept for a performance and supervise the execution of it. Their work is based on research and artistic vision. Their design is influenced by and influences other designs and must be conform with these designs and the overall artistic vision. Therefore, the designers work closely with artistic directors, operators and the artistic team. Performance video designers prepare media fragments to be used in a performance, which can involve recording, composing, manipulating and editing. They develop plans, mapping, cue lists and other documentation to support the operators and production crew. They sometimes also work as autonomous artists, creating video art outside a performance context.",,
Web Designer,242133,Web Designer,1,2166,Graphic and multimedia designers,yes,2166.15,http://data.europa.eu/esco/occupation/30ed83ba-cc89-4d9f-a59d-5c783c1da56e,web designer,web designer,preferred_label,yes,100.0,"Web designers are in charge of creating the visual elements, layout and other aspects such as the easiness of use of a website. They follow the different phases of a website creation from the design to the implementation until it goes live. They work side by side with front-end developers to design user interfaces that met the needs of customers and are also appealing. They are responsible of developing mock-ups and of confirming the technical feasibility of the product. They can use and put together various types of elements for the website including graphics, animations, text, videos and photos. They are in contact with clients and stakeholders of the company to ensure that the design of the website meets their needs.",,
Web Designer,242133,Web Designer,2,2166,Graphic and multimedia designers,yes,2166.3.1,http://data.europa.eu/esco/occupation/52df9d56-efd4-48d0-ad93-59231943fc4c,3D animator,3D designer,alternative_label,no,78.26,"3D animators are in charge of animating 3D models of objects, virtual environments, layouts, characters and 3D virtual animated agents.",,
Web Designer,242133,Web Designer,3,2166,Graphic and multimedia designers,yes,2166.8,http://data.europa.eu/esco/occupation/11830794-108c-48fe-a282-2cd7a2945344,gambling games designer,games designer,alternative_label,no,76.92,"Gambling games designers design innovative gambling, betting and lottery games. They determine the design, gaming rules or structure of a game. Gambling games designers may also demonstrate the game to individuals.",,
Workplace Relations Adviser,222132,Workplace Relations Adviser,1,2423,Personnel and career professionals,yes,2423.2,http://data.europa.eu/esco/occupation/e4112a88-973f-4c7a-97f5-2241e6b6833f,employment and vocational integration consultant,job placement adviser,alternative_label,no,66.67,"Employment and vocational integration consultants offer assistance to unemployed individuals in finding jobs or vocational training opportunities, according to their educational or professional background and experience. They advise them on how to market their skills in the job-hunting process. Employment and vocational integration consultants help job-seekers write CVs and cover letters, prepare for a job interview and indicate where to search for new job or training opportunities.",,
Workplace Relations Adviser,222132,Workplace Relations Adviser,2,2423,Personnel and career professionals,yes,2423.7,http://data.europa.eu/esco/occupation/1fce1be0-bf52-449b-9a2b-3f2cc710290a,compensation analyst,compensation advisor,alternative_label,no,63.83,Compensation analysts recognise and reward contributions and behaviors that support company’s business objectives and corporate values.,,
Workplace Relations Adviser,222132,Workplace Relations Adviser,3,2423,Personnel and career professionals,yes,2423.4,http://data.europa.eu/esco/occupation/20b9f370-6b56-4679-8c06-c23b866a5bd0,labour relations officer,labour relations officer,preferred_label,no,62.75,"Labour relations officers implement labour policy in an organisation, and advise trade unions on policies and negotiation. They handle disputes, and advise management on personnel policy as well as facilitate communication between trade unions and managerial staff.",,
