career_name,career_category,osca_code,osca_title,onet_soc_code,onet_title,onet_description,matched_label,matched_label_type,normalized_exact,similarity_score,suggested_mapping_method,review_status
Cloud Engineer,Software and Information Technology,273331,Cloud Engineer,15-1231.00,Computer Network Support Specialists,"Analyze, test, troubleshoot, and evaluate existing network systems, such as local area networks (LAN), wide area networks (WAN), cloud networks, servers, and other data communications networks. Perform network maintenance to ensure networks operate correctly with minimal interruption.",Cloud Engineer,job_title,yes,100.0,exact_title,pending
Cloud Engineer,Software and Information Technology,273331,Cloud Engineer,15-1251.00,Computer Programmers,"Create, modify, and test the code and scripts that allow computer applications to run. Work from specifications drawn up by software and web developers or other individuals. May develop and write computer programs to store, locate, and retrieve specific documents, data, and information.",Cloud Engineer,job_title,yes,100.0,exact_title,pending
Cloud Engineer,Software and Information Technology,273331,Cloud Engineer,15-1299.05,Information Security Engineers,"Develop and oversee the implementation of information security procedures and policies. Build, maintain and upgrade security technology, such as firewalls, for the safe use of computer networks and the transmission and retrieval of information. Design and implement appropriate security controls to identify vulnerabilities and protect digital files and electronic infrastructures. Monitor and respond to computer security breaches, viruses, and intrusions, and perform forensic investigation. May oversee the assessment of information security systems.",Cloud Engineer,job_title,yes,100.0,exact_title,pending
Cloud Engineer,Software and Information Technology,273331,Cloud Engineer,15-1299.08,Computer Systems Engineers/Architects,"Design and develop solutions to complex applications problems, system administration issues, or network concerns. Perform systems management and integration functions.",Cloud Engineer,job_title,yes,100.0,exact_title,pending
Cloud Engineer,Software and Information Technology,273331,Cloud Engineer,27-4014.00,Sound Engineering Technicians,"Assemble and operate equipment to record, synchronize, mix, edit, or reproduce sound, including music, voices, or sound effects, for theater, video, film, television, podcasts, sporting events, and other productions.",Sound Engineer,job_title,no,85.71,normalized_title,pending
DevOps Engineer,Software and Information Technology,273332,DevOps Engineer,15-1252.00,Software Developers,"Research, design, and develop computer and network software or specialized utility programs. Analyze user needs and develop software solutions, applying principles and techniques of computer science, engineering, and mathematical analysis. Update software or enhance existing software capabilities. May work with computer hardware engineers to integrate hardware and software systems, and develop specifications and performance requirements. May maintain databases within an application area, working individually or coordinating database development as part of a team.",DevOps Engineer,short_title,yes,100.0,exact_title,pending
DevOps Engineer,Software and Information Technology,273332,DevOps Engineer,17-2072.01,Radio Frequency Identification Device Specialists,Design and implement radio frequency identification device (RFID) systems used to track shipments or goods.,DSP Engineer,short_title,no,81.48,normalized_title,pending
DevOps Engineer,Software and Information Technology,273332,DevOps Engineer,17-2111.00,"Health and Safety Engineers, Except Mining Safety Engineers and Inspectors","Promote worksite or product safety by applying knowledge of industrial processes, mechanics, chemistry, psychology, and industrial health and safety laws. Includes industrial product safety engineers.",EHS Engineer,short_title,no,81.48,normalized_title,pending
DevOps Engineer,Software and Information Technology,273332,DevOps Engineer,17-3025.00,Environmental Engineering Technologists and Technicians,"Apply theory and principles of environmental engineering to modify, test, and operate equipment and devices used in the prevention, control, and remediation of environmental problems, including waste treatment and site remediation, under the direction of engineering staff or scientists. May assist in the development of environmental remediation devices.",EHS Engineer,short_title,no,81.48,normalized_title,pending
DevOps Engineer,Software and Information Technology,273332,DevOps Engineer,17-2011.00,Aerospace Engineers,"Perform engineering duties in designing, constructing, and testing aircraft, missiles, and spacecraft. May conduct basic and applied research to evaluate adaptability of materials and equipment to aircraft design and manufacture. May recommend improvements in testing equipment and techniques.",Design Engineer,job_title,no,80.0,normalized_title,pending
Software Engineer,Software and Information Technology,273333,Software Engineer,15-1252.00,Software Developers,"Research, design, and develop computer and network software or specialized utility programs. Analyze user needs and develop software solutions, applying principles and techniques of computer science, engineering, and mathematical analysis. Update software or enhance existing software capabilities. May work with computer hardware engineers to integrate hardware and software systems, and develop specifications and performance requirements. May maintain databases within an application area, working individually or coordinating database development as part of a team.",Software Engineer,job_title,yes,100.0,exact_title,pending
Software Engineer,Software and Information Technology,273333,Software Engineer,15-1254.00,Web Developers,"Develop and implement websites, web applications, application databases, and interactive web interfaces. Evaluate code to ensure that it is properly structured, meets industry standards, and is compatible with browsers and devices. Optimize website performance, scalability, and server-side code and processes. May develop website infrastructure and integrate websites with other computer applications.",Web Software Engineer,job_title,no,89.47,normalized_title,pending
Software Engineer,Software and Information Technology,273333,Software Engineer,15-1255.00,Web and Digital Interface Designers,"Design digital user interfaces or websites. Develop and test layouts, interfaces, functionality, and navigation menus to ensure compatibility and usability across browsers or devices. May use web framework applications as well as client-side code and processes. May evaluate web design following web and accessibility standards, and may analyze web use metrics and optimize websites for marketability and search engine ranking. May design and test interfaces that facilitate the human-computer interaction and maximize the usability of digital devices, websites, and software with a focus on aesthetics and design. May create graphics used in websites and manage website content and links.",Web Software Engineer,job_title,no,89.47,normalized_title,pending
Software Engineer,Software and Information Technology,273333,Software Engineer,15-1299.07,Blockchain Engineers,"Maintain and support distributed and decentralized blockchain-based networks or block-chain applications such as cryptocurrency exchange, payment processing, document sharing, and digital voting. Design and deploy secure block-chain design patterns and solutions over geographically distributed networks using advanced technologies. May assist with infrastructure setup and testing for application transparency and security.",DLT Software Engineer,short_title,no,89.47,normalized_title,pending
Software Engineer,Software and Information Technology,273333,Software Engineer,15-1253.00,Software Quality Assurance Analysts and Testers,"Develop and execute software tests to identify software problems and their causes. Test system modifications to prepare for implementation. Document software and application defects using a bug tracking system and report defects to software or web developers. Create and maintain databases of known defects. May participate in software design reviews to provide input on functional requirements, operational characteristics, product designs, and schedules.",Software Test Engineer,job_title,no,87.18,normalized_title,pending
ICT Business Analyst,Software and Information Technology,273232,ICT Business Analyst,15-1211.00,Computer Systems Analysts,"Analyze science, engineering, business, and other data processing problems to develop and implement solutions to complex applications problems, system administration issues, or network concerns. Perform systems management and integration functions, improve existing computer systems, and review computer system capabilities, workflow, and schedule limitations. May analyze or recommend commercially available software.",IT Business Analyst,short_title,no,97.44,normalized_title,pending
ICT Business Analyst,Software and Information Technology,273232,ICT Business Analyst,13-1111.00,Management Analysts,"Conduct organizational studies and evaluations, design systems and procedures, conduct work simplification and measurement studies, and prepare operations and procedures manuals to assist management in operating more efficiently and effectively. Includes program analysts and management consultants.",HIM Business Analyst,short_title,no,90.0,normalized_title,pending
ICT Business Analyst,Software and Information Technology,273232,ICT Business Analyst,15-2031.00,Operations Research Analysts,"Formulate and apply mathematical modeling and other optimizing methods to develop and interpret information that assists management with decisionmaking, policy formulation, or other managerial functions. May collect and analyze data and develop decision support software, services, or products. May develop and supply optimal time, cost, or logistics networks for program evaluation, review, or implementation.",Business Analyst,job_title,no,88.89,normalized_title,pending
ICT Business Analyst,Software and Information Technology,273232,ICT Business Analyst,15-2051.01,Business Intelligence Analysts,Produce financial and market intelligence by querying data repositories and generating periodic reports. Devise methods for identifying data patterns and trends in available information sources.,Business Analyst,job_title,no,88.89,normalized_title,pending
ICT Business Analyst,Software and Information Technology,273232,ICT Business Analyst,13-1199.06,Online Merchants,"Conduct retail activities of businesses operating exclusively online. May perform duties such as preparing business strategies, buying merchandise, managing inventory, implementing marketing activities, fulfilling and shipping online orders, and balancing financial records.",E-Commerce Business Analyst,job_title,no,76.6,normalized_title,pending
Data Analyst,Data and Artificial Intelligence,223231,Data Analyst,13-2099.01,Financial Quantitative Analysts,"Develop quantitative techniques to inform securities investing, equities investing, pricing, or valuation of financial instruments. Develop mathematical or statistical models for risk management, asset optimization, pricing, or relative value analysis.",Data Analyst,job_title,yes,100.0,exact_title,pending
Data Analyst,Data and Artificial Intelligence,223231,Data Analyst,15-1243.00,Database Architects,"Design strategies for enterprise databases, data warehouse systems, and multidimensional networks. Set standards for database operations, programming, query processes, and security. Model, design, and construct large relational databases or data warehouses. Create and optimize data models for warehouse infrastructure and workflow. Integrate new systems with existing warehouse structure and refine system performance and functionality.",Data Analyst,job_title,yes,100.0,exact_title,pending
Data Analyst,Data and Artificial Intelligence,223231,Data Analyst,15-2041.00,Statisticians,"Develop or apply mathematical or statistical theory and methods to collect, organize, interpret, and summarize numerical data to provide usable information. May specialize in fields such as biostatistics, agricultural statistics, business statistics, or economic statistics. Includes mathematical and survey statisticians.",Data Analyst,job_title,yes,100.0,exact_title,pending
Data Analyst,Data and Artificial Intelligence,223231,Data Analyst,15-2051.00,Data Scientists,"Develop and implement a set of techniques or analytics applications to transform raw data into meaningful information using data-oriented programming languages and visualization software. Apply data mining, data modeling, natural language processing, and machine learning to extract and analyze information from large structured and unstructured datasets. Visualize, interpret, and report data findings. May create dynamic data reports.",Data Analyst,job_title,yes,100.0,exact_title,pending
Data Analyst,Data and Artificial Intelligence,223231,Data Analyst,15-2051.01,Business Intelligence Analysts,Produce financial and market intelligence by querying data repositories and generating periodic reports. Devise methods for identifying data patterns and trends in available information sources.,Data Analyst,job_title,yes,100.0,exact_title,pending
Data Architect,Data and Artificial Intelligence,223232,Data Architect,15-1243.00,Database Architects,"Design strategies for enterprise databases, data warehouse systems, and multidimensional networks. Set standards for database operations, programming, query processes, and security. Model, design, and construct large relational databases or data warehouses. Create and optimize data models for warehouse infrastructure and workflow. Integrate new systems with existing warehouse structure and refine system performance and functionality.",Data Architect,job_title,yes,100.0,exact_title,pending
Data Architect,Data and Artificial Intelligence,223232,Data Architect,15-2051.00,Data Scientists,"Develop and implement a set of techniques or analytics applications to transform raw data into meaningful information using data-oriented programming languages and visualization software. Apply data mining, data modeling, natural language processing, and machine learning to extract and analyze information from large structured and unstructured datasets. Visualize, interpret, and report data findings. May create dynamic data reports.",Data Architect,job_title,yes,100.0,exact_title,pending
Data Architect,Data and Artificial Intelligence,223232,Data Architect,15-1251.00,Computer Programmers,"Create, modify, and test the code and scripts that allow computer applications to run. Work from specifications drawn up by software and web developers or other individuals. May develop and write computer programs to store, locate, and retrieve specific documents, data, and information.",Java Architect,job_title,no,85.71,normalized_title,pending
Data Architect,Data and Artificial Intelligence,223232,Data Architect,15-1299.05,Information Security Engineers,"Develop and oversee the implementation of information security procedures and policies. Build, maintain and upgrade security technology, such as firewalls, for the safe use of computer networks and the transmission and retrieval of information. Design and implement appropriate security controls to identify vulnerabilities and protect digital files and electronic infrastructures. Monitor and respond to computer security breaches, viruses, and intrusions, and perform forensic investigation. May oversee the assessment of information security systems.",IT Architect,short_title,no,84.62,normalized_title,pending
Data Architect,Data and Artificial Intelligence,223232,Data Architect,15-1299.08,Computer Systems Engineers/Architects,"Design and develop solutions to complex applications problems, system administration issues, or network concerns. Perform systems management and integration functions.",IT Architect,short_title,no,84.62,normalized_title,pending
Data Engineer,Data and Artificial Intelligence,223233,Data Engineer,15-1242.00,Database Administrators,"Administer, test, and implement computer databases, applying knowledge of database management systems. Coordinate changes to computer databases. Identify, investigate, and resolve database performance issues, database capacity, and database scalability. May plan, coordinate, and implement security measures to safeguard computer databases.",Data Engineer,job_title,yes,100.0,exact_title,pending
Data Engineer,Data and Artificial Intelligence,223233,Data Engineer,15-1243.00,Database Architects,"Design strategies for enterprise databases, data warehouse systems, and multidimensional networks. Set standards for database operations, programming, query processes, and security. Model, design, and construct large relational databases or data warehouses. Create and optimize data models for warehouse infrastructure and workflow. Integrate new systems with existing warehouse structure and refine system performance and functionality.",Data Engineer,job_title,yes,100.0,exact_title,pending
Data Engineer,Data and Artificial Intelligence,223233,Data Engineer,15-2041.00,Statisticians,"Develop or apply mathematical or statistical theory and methods to collect, organize, interpret, and summarize numerical data to provide usable information. May specialize in fields such as biostatistics, agricultural statistics, business statistics, or economic statistics. Includes mathematical and survey statisticians.",Data Engineer,job_title,yes,100.0,exact_title,pending
Data Engineer,Data and Artificial Intelligence,223233,Data Engineer,15-2051.00,Data Scientists,"Develop and implement a set of techniques or analytics applications to transform raw data into meaningful information using data-oriented programming languages and visualization software. Apply data mining, data modeling, natural language processing, and machine learning to extract and analyze information from large structured and unstructured datasets. Visualize, interpret, and report data findings. May create dynamic data reports.",Data Engineer,job_title,yes,100.0,exact_title,pending
Data Engineer,Data and Artificial Intelligence,223233,Data Engineer,17-2072.00,"Electronics Engineers, Except Computer","Research, design, develop, or test electronic components and systems for commercial, industrial, military, or scientific use employing knowledge of electronic theory and materials properties. Design electronic circuits and components for use in fields such as telecommunications, aerospace guidance and propulsion control, acoustics, or instruments and controls.",EDA Engineer,short_title,no,88.0,normalized_title,pending
Data Scientist,Data and Artificial Intelligence,223234,Data Scientist,15-2051.00,Data Scientists,"Develop and implement a set of techniques or analytics applications to transform raw data into meaningful information using data-oriented programming languages and visualization software. Apply data mining, data modeling, natural language processing, and machine learning to extract and analyze information from large structured and unstructured datasets. Visualize, interpret, and report data findings. May create dynamic data reports.",Data Scientists,occupation_title,no,96.55,normalized_title,pending
Data Scientist,Data and Artificial Intelligence,223234,Data Scientist,17-3029.01,Non-Destructive Testing Specialists,"Test the safety of structures, vehicles, or vessels using x-ray, ultrasound, fiber optic or related equipment.",NDT Scientist,short_title,no,88.89,normalized_title,pending
Data Scientist,Data and Artificial Intelligence,223234,Data Scientist,13-1041.07,Regulatory Affairs Specialists,"Coordinate and document internal regulatory processes, such as internal audits, inspections, license renewals, or registrations. May compile and prepare materials for submission to regulatory agencies.",RA Scientist,short_title,no,84.62,normalized_title,pending
Data Scientist,Data and Artificial Intelligence,223234,Data Scientist,19-1011.00,Animal Scientists,"Conduct research in the genetics, nutrition, reproduction, growth, and development of domestic farm animals.",Dairy Scientist,job_title,no,82.76,normalized_title,pending
Data Scientist,Data and Artificial Intelligence,223234,Data Scientist,19-1013.00,Soil and Plant Scientists,"Conduct research in breeding, physiology, production, yield, and management of crops and agricultural plants or trees, shrubs, and nursery stock, their growth in soils, and control of pests; or study the chemical, physical, biological, and mineralogical composition of soils as they relate to plant or crop growth. May classify and map soils and investigate effects of alternative practices on soil and crop productivity.",Plant Scientist,job_title,no,82.76,normalized_title,pending
Cyber Security Advice and Assessment Specialist,Cyber Security,271132,Cyber Security Advice and Assessment Specialist,13-1199.07,Security Management Specialists,"Conduct security assessments for organizations, and design security systems and processes. May specialize in areas such as physical security or the safety of employees and facilities.",Security Management Specialist,job_title,no,72.73,normalized_title,pending
Cyber Security Advice and Assessment Specialist,Cyber Security,271132,Cyber Security Advice and Assessment Specialist,41-4011.07,Solar Sales Representatives and Assessors,"Contact new or existing customers to determine their solar equipment needs, suggest systems or equipment, or estimate costs.",Solar Site Assessment Specialist,job_title,no,70.89,normalized_title,pending
Cyber Security Advice and Assessment Specialist,Cyber Security,271132,Cyber Security Advice and Assessment Specialist,15-1212.00,Information Security Analysts,"Plan, implement, upgrade, or monitor security measures for the protection of computer networks and information. Assess system vulnerabilities for security risks and propose and implement risk mitigation strategies. May ensure appropriate security controls are in place that will safeguard digital files and vital electronic infrastructure. May respond to computer security breaches and viruses.",Cyber Security Specialist,job_title,no,69.44,normalized_title,pending
Cyber Security Advice and Assessment Specialist,Cyber Security,271132,Cyber Security Advice and Assessment Specialist,15-1299.04,Penetration Testers,Evaluate network system security by conducting simulated internal and external cyberattacks using adversary tools and techniques. Attempt to breach and exploit critical systems and gain access to sensitive information to assess system security.,Cybersecurity Specialist,job_title,no,67.61,normalized_title,pending
Cyber Security Advice and Assessment Specialist,Cyber Security,271132,Cyber Security Advice and Assessment Specialist,25-9021.00,Farm and Home Management Educators,"Instruct and advise individuals and families engaged in agriculture, agricultural-related processes, or home management activities. Demonstrate procedures and apply research findings to advance agricultural and home management activities. May develop educational outreach programs. May instruct on either agricultural issues such as agricultural processes and techniques, pest management, and food safety, or on home management issues such as budgeting, nutrition, and child development.",Resource Management Specialist,job_title,no,67.53,normalized_title,pending
Cyber Security Analyst,Cyber Security,271133,Cyber Security Analyst,15-1212.00,Information Security Analysts,"Plan, implement, upgrade, or monitor security measures for the protection of computer networks and information. Assess system vulnerabilities for security risks and propose and implement risk mitigation strategies. May ensure appropriate security controls are in place that will safeguard digital files and vital electronic infrastructure. May respond to computer security breaches and viruses.",Cyber Security Analyst,job_title,yes,100.0,exact_title,pending
Cyber Security Analyst,Cyber Security,271133,Cyber Security Analyst,13-1199.07,Security Management Specialists,"Conduct security assessments for organizations, and design security systems and processes. May specialize in areas such as physical security or the safety of employees and facilities.",Cybersecurity Analyst,job_title,no,97.67,normalized_title,pending
Cyber Security Analyst,Cyber Security,271133,Cyber Security Analyst,15-1299.05,Information Security Engineers,"Develop and oversee the implementation of information security procedures and policies. Build, maintain and upgrade security technology, such as firewalls, for the safe use of computer networks and the transmission and retrieval of information. Design and implement appropriate security controls to identify vulnerabilities and protect digital files and electronic infrastructures. Monitor and respond to computer security breaches, viruses, and intrusions, and perform forensic investigation. May oversee the assessment of information security systems.",System Security Analyst,job_title,no,84.44,normalized_title,pending
Cyber Security Analyst,Cyber Security,271133,Cyber Security Analyst,15-1299.06,Digital Forensics Analysts,"Conduct investigations on computer-based crimes establishing documentary or physical evidence, such as digital media and logs associated with cyber intrusion incidents. Analyze digital evidence and investigate computer security incidents to derive information in support of system and network vulnerability mitigation. Preserve and present computer-related evidence in support of criminal, fraud, counterintelligence, or law enforcement investigations.",Security Analyst,job_title,no,84.21,normalized_title,pending
Cyber Security Analyst,Cyber Security,271133,Cyber Security Analyst,33-3021.06,Intelligence Analysts,"Gather, analyze, or evaluate information from a variety of sources, such as law enforcement databases, surveillance, intelligence networks or geographic information systems. Use intelligence data to anticipate and prevent organized crime activities, such as terrorism.",Security Analyst,job_title,no,84.21,normalized_title,pending
Cyber Security Architect,Cyber Security,271134,Cyber Security Architect,15-1299.05,Information Security Engineers,"Develop and oversee the implementation of information security procedures and policies. Build, maintain and upgrade security technology, such as firewalls, for the safe use of computer networks and the transmission and retrieval of information. Design and implement appropriate security controls to identify vulnerabilities and protect digital files and electronic infrastructures. Monitor and respond to computer security breaches, viruses, and intrusions, and perform forensic investigation. May oversee the assessment of information security systems.",Cybersecurity Architect,job_title,no,97.87,normalized_title,pending
Cyber Security Architect,Cyber Security,271134,Cyber Security Architect,15-1299.04,Penetration Testers,Evaluate network system security by conducting simulated internal and external cyberattacks using adversary tools and techniques. Attempt to breach and exploit critical systems and gain access to sensitive information to assess system security.,Security Architect,job_title,no,85.71,normalized_title,pending
Cyber Security Architect,Cyber Security,271134,Cyber Security Architect,15-1212.00,Information Security Analysts,"Plan, implement, upgrade, or monitor security measures for the protection of computer networks and information. Assess system vulnerabilities for security risks and propose and implement risk mitigation strategies. May ensure appropriate security controls are in place that will safeguard digital files and vital electronic infrastructure. May respond to computer security breaches and viruses.",IT Security Architect,short_title,no,84.44,normalized_title,pending
Cyber Security Architect,Cyber Security,271134,Cyber Security Architect,33-3021.06,Intelligence Analysts,"Gather, analyze, or evaluate information from a variety of sources, such as law enforcement databases, surveillance, intelligence networks or geographic information systems. Use intelligence data to anticipate and prevent organized crime activities, such as terrorism.",Cybersecurity Tech,short_title,no,80.95,normalized_title,pending
Cyber Security Architect,Cyber Security,271134,Cyber Security Architect,13-1199.07,Security Management Specialists,"Conduct security assessments for organizations, and design security systems and processes. May specialize in areas such as physical security or the safety of employees and facilities.",Cybersecurity Associate,job_title,no,80.85,normalized_title,pending
Cyber Security Engineer,Cyber Security,271135,Cyber Security Engineer,15-1299.04,Penetration Testers,Evaluate network system security by conducting simulated internal and external cyberattacks using adversary tools and techniques. Attempt to breach and exploit critical systems and gain access to sensitive information to assess system security.,Cyber Security Engineer,job_title,yes,100.0,exact_title,pending
Cyber Security Engineer,Cyber Security,271135,Cyber Security Engineer,15-1212.00,Information Security Analysts,"Plan, implement, upgrade, or monitor security measures for the protection of computer networks and information. Assess system vulnerabilities for security risks and propose and implement risk mitigation strategies. May ensure appropriate security controls are in place that will safeguard digital files and vital electronic infrastructure. May respond to computer security breaches and viruses.",Cybersecurity Engineer,job_title,no,97.78,normalized_title,pending
Cyber Security Engineer,Cyber Security,271135,Cyber Security Engineer,15-1299.05,Information Security Engineers,"Develop and oversee the implementation of information security procedures and policies. Build, maintain and upgrade security technology, such as firewalls, for the safe use of computer networks and the transmission and retrieval of information. Design and implement appropriate security controls to identify vulnerabilities and protect digital files and electronic infrastructures. Monitor and respond to computer security breaches, viruses, and intrusions, and perform forensic investigation. May oversee the assessment of information security systems.",Cybersecurity Engineer,job_title,no,97.78,normalized_title,pending
Cyber Security Engineer,Cyber Security,271135,Cyber Security Engineer,13-1199.07,Security Management Specialists,"Conduct security assessments for organizations, and design security systems and processes. May specialize in areas such as physical security or the safety of employees and facilities.",Security Engineer,job_title,no,85.0,normalized_title,pending
Cyber Security Engineer,Cyber Security,271135,Cyber Security Engineer,17-2111.00,"Health and Safety Engineers, Except Mining Safety Engineers and Inspectors","Promote worksite or product safety by applying knowledge of industrial processes, mechanics, chemistry, psychology, and industrial health and safety laws. Includes industrial product safety engineers.",Security Engineer,job_title,no,85.0,normalized_title,pending
Accountant (General),Business and Finance,211131,Accountant (General),43-3031.00,"Bookkeeping, Accounting, and Auditing Clerks","Compute, classify, and record numerical data to keep financial records complete. Perform any combination of routine calculating, posting, and verifying duties to obtain primary financial data for use in maintaining accounting records. May also check the accuracy of figures, calculations, and postings pertaining to business transactions recorded by other workers.",Accountant Helper,job_title,no,80.0,normalized_title,pending
Accountant (General),Business and Finance,211131,Accountant (General),11-2011.00,Advertising and Promotions Managers,"Plan, direct, or coordinate advertising policies and programs or produce collateral materials, such as posters, contests, coupons, or giveaways, to create extra interest in the purchase of a product or service for a department, an entire organization, or on an account basis.",Account Manager,job_title,no,72.73,normalized_title,pending
Accountant (General),Business and Finance,211131,Accountant (General),11-2022.00,Sales Managers,"Plan, direct, or coordinate the actual distribution or movement of a product or service to the customer. Coordinate sales distribution by establishing sales territories, quotas, and goals and establish training programs for sales representatives. Analyze sales statistics gathered by staff to determine sales potential and inventory requirements and monitor the preferences of customers.",Account Manager,job_title,no,72.73,normalized_title,pending
Accountant (General),Business and Finance,211131,Accountant (General),11-2033.00,Fundraising Managers,"Plan, direct, or coordinate activities to solicit and maintain funds for special projects or nonprofit organizations.",Account Manager,job_title,no,72.73,normalized_title,pending
Accountant (General),Business and Finance,211131,Accountant (General),13-2052.00,Personal Financial Advisors,"Advise clients on financial plans using knowledge of tax and investment strategies, securities, insurance, pension plans, and real estate. Duties include assessing clients' assets, liabilities, cash flow, insurance coverage, tax status, and financial objectives. May also buy and sell financial assets for clients.",Account Manager,job_title,no,72.73,normalized_title,pending
Management Accountant,Business and Finance,211134,Management Accountant,13-1111.00,Management Analysts,"Conduct organizational studies and evaluations, design systems and procedures, conduct work simplification and measurement studies, and prepare operations and procedures manuals to assist management in operating more efficiently and effectively. Includes program analysts and management consultants.",Management Consultant,job_title,no,85.71,normalized_title,pending
Management Accountant,Business and Finance,211134,Management Accountant,19-3032.00,Industrial-Organizational Psychologists,"Apply principles of psychology to human resources, administration, management, sales, and marketing problems. Activities may include policy planning; employee testing and selection, training, and development; and organizational development and analysis. May work with management to organize the work setting to improve worker productivity.",Management Consultant,job_title,no,85.71,normalized_title,pending
Management Accountant,Business and Finance,211134,Management Accountant,43-6011.00,Executive Secretaries and Executive Administrative Assistants,"Provide high-level administrative support by conducting research, preparing statistical reports, and handling information requests, as well as performing routine administrative functions such as preparing correspondence, receiving visitors, arranging conference calls, and scheduling meetings. May also train and supervise lower-level clerical staff.",Management Assistant,job_title,no,78.05,normalized_title,pending
Management Accountant,Business and Finance,211134,Management Accountant,13-2054.00,Financial Risk Specialists,"Analyze and measure exposure to credit and market risk threatening the assets, earning capacity, or economic state of an organization. May make recommendations to limit risk.",Risk Management Consultant,job_title,no,76.6,normalized_title,pending
Management Accountant,Business and Finance,211134,Management Accountant,19-1031.02,Range Managers,"Research or study range land management practices to provide sustained production of forage, livestock, and wildlife.",Range Management Consultant,job_title,no,75.0,normalized_title,pending
Taxation Accountant,Business and Finance,211135,Taxation Accountant,13-2011.00,Accountants and Auditors,"Examine, analyze, and interpret accounting records to prepare financial statements, give advice, or audit and evaluate statements prepared by others. Install or advise on systems of recording costs or other financial and budgetary data.",Tax Accountant,job_title,no,84.85,normalized_title,pending
Taxation Accountant,Business and Finance,211135,Taxation Accountant,13-2082.00,Tax Preparers,Prepare tax returns for individuals or small businesses.,Tax Accountant,job_title,no,84.85,normalized_title,pending
Taxation Accountant,Business and Finance,211135,Taxation Accountant,17-2011.00,Aerospace Engineers,"Perform engineering duties in designing, constructing, and testing aircraft, missiles, and spacecraft. May conduct basic and applied research to evaluate adaptability of materials and equipment to aircraft design and manufacture. May recommend improvements in testing equipment and techniques.",Aviation Consultant,job_title,no,73.68,normalized_title,pending
Taxation Accountant,Business and Finance,211135,Taxation Accountant,13-2022.00,Appraisers of Personal and Business Property,"Appraise and estimate the fair value of tangible personal or business property, such as jewelry, art, antiques, collectibles, and equipment. May also appraise land.",Valuation Consultant,job_title,no,71.79,normalized_title,pending
Taxation Accountant,Business and Finance,211135,Taxation Accountant,21-1091.00,Health Education Specialists,"Provide and manage health education programs that help individuals, families, and their communities maximize and maintain healthy lifestyles. Use data to identify community needs prior to planning, implementing, monitoring, and evaluating programs designed to encourage healthy lifestyles, policies, and environments. May link health systems, health providers, insurers, and patients to address individual and population health needs. May serve as resource to assist individuals, other health professionals, or the community, and may administer fiscal resources for health education programs.",Lactation Consultant,job_title,no,71.79,normalized_title,pending
Management Consultant,Business and Finance,223432,Management Consultant,13-1111.00,Management Analysts,"Conduct organizational studies and evaluations, design systems and procedures, conduct work simplification and measurement studies, and prepare operations and procedures manuals to assist management in operating more efficiently and effectively. Includes program analysts and management consultants.",Management Consultant,job_title,yes,100.0,exact_title,pending
Management Consultant,Business and Finance,223432,Management Consultant,19-3032.00,Industrial-Organizational Psychologists,"Apply principles of psychology to human resources, administration, management, sales, and marketing problems. Activities may include policy planning; employee testing and selection, training, and development; and organizational development and analysis. May work with management to organize the work setting to improve worker productivity.",Management Consultant,job_title,yes,100.0,exact_title,pending
Management Consultant,Business and Finance,223432,Management Consultant,13-2054.00,Financial Risk Specialists,"Analyze and measure exposure to credit and market risk threatening the assets, earning capacity, or economic state of an organization. May make recommendations to limit risk.",Risk Management Consultant,job_title,no,89.36,normalized_title,pending
Management Consultant,Business and Finance,223432,Management Consultant,19-1031.02,Range Managers,"Research or study range land management practices to provide sustained production of forage, livestock, and wildlife.",Range Management Consultant,job_title,no,87.5,normalized_title,pending
Management Consultant,Business and Finance,223432,Management Consultant,13-1199.04,Business Continuity Planners,"Develop, maintain, or implement business continuity and disaster recovery strategies and solutions, including risk assessments, business impact analyses, strategy selection, and documentation of business continuity and disaster recovery procedures. Plan, conduct, and debrief regular mock-disaster exercises to test the adequacy of existing plans and strategies, updating procedures and plans regularly. Act as a coordinator for continuity efforts after a disruption event.",Change Management Consultant,job_title,no,85.71,normalized_title,pending
Civil Engineer,Engineering,243231,Civil Engineer,17-2051.00,Civil Engineers,"Perform engineering duties in planning, designing, and overseeing construction and maintenance of building structures and facilities, such as roads, railroads, airports, bridges, harbors, channels, dams, irrigation projects, pipelines, power plants, and water and sewage systems.",Civil Engineer,job_title,yes,100.0,exact_title,pending
Civil Engineer,Engineering,243231,Civil Engineer,17-2081.00,Environmental Engineers,"Research, design, plan, or perform engineering duties in the prevention, control, and remediation of environmental hazards using various engineering disciplines. Work may include waste treatment, site remediation, or pollution control technology.",Civil Engineer,job_title,yes,100.0,exact_title,pending
Civil Engineer,Engineering,243231,Civil Engineer,17-2031.00,Bioengineers and Biomedical Engineers,"Apply knowledge of engineering, biology, chemistry, computer science, and biomechanical principles to the design, development, and evaluation of biological, agricultural, and health systems and products, such as artificial organs, prostheses, instrumentation, medical information systems, and health management and care delivery systems.",Clinical Engineer,job_title,no,83.87,normalized_title,pending
Civil Engineer,Engineering,243231,Civil Engineer,17-2051.01,Transportation Engineers,"Develop plans for surface transportation projects, according to established engineering standards and state or federal construction policy. Prepare designs, specifications, or estimates for transportation facilities. Plan modifications of existing streets, highways, or freeways to improve traffic flow.",Rail Engineer,job_title,no,81.48,normalized_title,pending
Civil Engineer,Engineering,243231,Civil Engineer,15-1221.00,Computer and Information Research Scientists,"Conduct research into fundamental computer and information science as theorists, designers, or inventors. Develop solutions to problems in the field of computer hardware and software.",AI Engineer,short_title,no,80.0,normalized_title,pending
Electrical Engineer,Engineering,243331,Electrical Engineer,17-2071.00,Electrical Engineers,"Research, design, develop, test, or supervise the manufacturing and installation of electrical equipment, components, or systems for commercial, industrial, military, or scientific use.",Electrical Engineer,job_title,yes,100.0,exact_title,pending
Electrical Engineer,Engineering,243331,Electrical Engineer,17-2072.01,Radio Frequency Identification Device Specialists,Design and implement radio frequency identification device (RFID) systems used to track shipments or goods.,Electrical Engineer,job_title,yes,100.0,exact_title,pending
Electrical Engineer,Engineering,243331,Electrical Engineer,17-2199.07,Photonics Engineers,"Design technologies specializing in light information or light energy, such as laser or fiber optics technology.",Electro-optical Engineer,job_title,no,88.37,normalized_title,pending
Electrical Engineer,Engineering,243331,Electrical Engineer,17-2061.00,Computer Hardware Engineers,"Research, design, develop, or test computer or computer-related equipment for commercial, industrial, military, or scientific use. May supervise the manufacturing and installation of computer or computer-related equipment and components.",Electronics Engineer,job_title,no,87.18,normalized_title,pending
Electrical Engineer,Engineering,243331,Electrical Engineer,15-1241.01,Telecommunications Engineering Specialists,"Design or configure wired, wireless, and satellite communications systems for voice, video, and data services. Supervise installation, service, and maintenance.",Electrical Design Engineer,job_title,no,84.44,normalized_title,pending
Industrial Engineer,Engineering,243531,Industrial Engineer,17-2112.00,Industrial Engineers,"Design, develop, test, and evaluate integrated systems for managing industrial production processes, including human work factors, quality control, inventory control, logistics and material flow, cost analysis, and production coordination.",Industrial Engineer,job_title,yes,100.0,exact_title,pending
Industrial Engineer,Engineering,243531,Industrial Engineer,17-2111.00,"Health and Safety Engineers, Except Mining Safety Engineers and Inspectors","Promote worksite or product safety by applying knowledge of industrial processes, mechanics, chemistry, psychology, and industrial health and safety laws. Includes industrial product safety engineers.",Industrial Health Engineer,job_title,no,84.44,normalized_title,pending
Industrial Engineer,Engineering,243531,Industrial Engineer,17-2199.03,"Energy Engineers, Except Wind and Solar","Design, develop, or evaluate energy-related projects or programs to reduce energy costs or improve energy efficiency during the designing, building, or remodeling stages of construction. May specialize in electrical systems; heating, ventilation, and air-conditioning (HVAC) systems; green buildings; lighting; air quality; or energy procurement.",Industrial Energy Engineer,job_title,no,84.44,normalized_title,pending
Industrial Engineer,Engineering,243531,Industrial Engineer,27-1021.00,Commercial and Industrial Designers,"Design and develop manufactured products, such as cars, home appliances, and children's toys. Combine artistic talent with research on product use, marketing, and materials to create the most functional and appealing product design.",Industrial Designer,job_title,no,84.21,normalized_title,pending
Industrial Engineer,Engineering,243531,Industrial Engineer,17-2081.00,Environmental Engineers,"Research, design, plan, or perform engineering duties in the prevention, control, and remediation of environmental hazards using various engineering disciplines. Work may include waste treatment, site remediation, or pollution control technology.",Industrial Hygiene Engineer,job_title,no,82.61,normalized_title,pending
Mechanical Engineer,Engineering,243532,Mechanical Engineer,17-2141.00,Mechanical Engineers,"Perform engineering duties in planning and designing tools, engines, machines, and other mechanically functioning equipment. Oversee installation, operation, maintenance, and repair of equipment such as centralized heat, gas, water, and steam systems.",Mechanical Engineer,job_title,yes,100.0,exact_title,pending
Mechanical Engineer,Engineering,243532,Mechanical Engineer,17-2031.00,Bioengineers and Biomedical Engineers,"Apply knowledge of engineering, biology, chemistry, computer science, and biomechanical principles to the design, development, and evaluation of biological, agricultural, and health systems and products, such as artificial organs, prostheses, instrumentation, medical information systems, and health management and care delivery systems.",Biomechanical Engineer,job_title,no,92.68,normalized_title,pending
Mechanical Engineer,Engineering,243532,Mechanical Engineer,17-2199.00,"Engineers, All Other",All engineers not listed separately.,Technical Engineer,job_title,no,91.89,normalized_title,pending
Mechanical Engineer,Engineering,243532,Mechanical Engineer,17-2199.07,Photonics Engineers,"Design technologies specializing in light information or light energy, such as laser or fiber optics technology.",Optomechanical Engineer,job_title,no,90.48,normalized_title,pending
Mechanical Engineer,Engineering,243532,Mechanical Engineer,17-2199.05,Mechatronics Engineers,"Research, design, develop, or test automation, intelligent systems, smart devices, or industrial systems control.",Mechatronic Engineer,job_title,no,87.18,normalized_title,pending
Registered Nurse (Acute Care),Healthcare,265432,Registered Nurse (Acute Care),29-1141.00,Registered Nurses,"Assess patient health problems and needs, develop and implement nursing care plans, and maintain medical records. Administer nursing care to ill, injured, convalescent, or disabled patients. May advise patients on health maintenance and disease prevention or provide case management. Licensing or registration required.",Registered Nurse (RN),job_title,no,78.26,normalized_title,pending
Registered Nurse (Acute Care),Healthcare,265432,Registered Nurse (Acute Care),29-1141.03,Critical Care Nurses,Provide specialized nursing care for patients in critical or coronary care units.,Registered Nurse (RN),job_title,no,78.26,normalized_title,pending
Registered Nurse (Acute Care),Healthcare,265432,Registered Nurse (Acute Care),25-1072.00,"Nursing Instructors and Teachers, Postsecondary",Demonstrate and teach patient care in classroom and clinical units to nursing students. Includes both teachers primarily engaged in teaching and those who do a combination of teaching and research.,Registered Nurse Teacher (RN Teacher),job_title,no,74.19,normalized_title,pending
Registered Nurse (Acute Care),Healthcare,265432,Registered Nurse (Acute Care),43-5052.00,Postal Service Mail Carriers,Sort and deliver mail for the United States Postal Service (USPS). Deliver mail on established route by vehicle or on foot. Includes postal service mail carriers employed by USPS contractors.,Registered Route Associate,job_title,no,71.7,normalized_title,pending
Registered Nurse (Acute Care),Healthcare,265432,Registered Nurse (Acute Care),29-1161.00,Nurse Midwives,"Diagnose and coordinate all aspects of the birthing process, either independently or as part of a healthcare team. May provide well-woman gynecological care. Must have specialized, graduate nursing education.",Registered Nurse Midwife,job_title,no,70.59,normalized_title,pending
Physiotherapist,Healthcare,262431,Physiotherapist,29-1123.00,Physical Therapists,"Assess, plan, organize, and participate in rehabilitative programs that improve mobility, relieve pain, increase strength, and improve or correct disabling conditions resulting from disease or injury.",Physiotherapist,job_title,yes,100.0,exact_title,pending
Physiotherapist,Healthcare,262431,Physiotherapist,29-1129.00,"Therapists, All Other",All therapists not listed separately.,Heliotherapist,job_title,no,82.76,normalized_title,pending
Physiotherapist,Healthcare,262431,Physiotherapist,29-1299.00,"Healthcare Diagnosing or Treating Practitioners, All Other",All healthcare diagnosing or treating practitioners not listed separately.,Heliotherapist,job_title,no,82.76,normalized_title,pending
Physiotherapist,Healthcare,262431,Physiotherapist,19-3033.00,Clinical and Counseling Psychologists,"Assess, diagnose, and treat mental and emotional disorders of individuals through observation, interview, and psychological tests. Help individuals with distress or maladjustment understand their problems through their knowledge of case history, interviews with patients, and theory. Provide individual or group counseling services to assist individuals in achieving more effective personal, social, educational, and vocational development and adjustment. May design behavior modification programs and consult with medical personnel regarding the best treatment for patients.",Psychotherapist,job_title,no,80.0,normalized_title,pending
Physiotherapist,Healthcare,262431,Physiotherapist,19-3039.00,"Psychologists, All Other",All psychologists not listed separately.,Psychotherapist,job_title,no,80.0,normalized_title,pending
Occupational Therapist,Healthcare,262331,Occupational Therapist,29-1122.00,Occupational Therapists,"Assess, plan, and organize rehabilitative programs that help build or restore vocational, homemaking, and daily living skills, as well as general independence, to persons with disabilities or developmental delays. Use therapeutic techniques, adapt the individual's environment, teach skills, and modify specific tasks that present barriers to the individual.",Occupational Therapists,occupation_title,no,97.78,normalized_title,pending
Occupational Therapist,Healthcare,262331,Occupational Therapist,31-2012.00,Occupational Therapy Aides,"Under close supervision of an occupational therapist or occupational therapy assistant, perform only delegated, selected, or routine tasks in specific situations. These duties include preparing patient and treatment room.",Occupational Therapy Aides,occupation_title,no,87.5,normalized_title,pending
Occupational Therapist,Healthcare,262331,Occupational Therapist,29-1129.00,"Therapists, All Other",All therapists not listed separately.,Educational Therapist,job_title,no,83.72,normalized_title,pending
Occupational Therapist,Healthcare,262331,Occupational Therapist,31-2011.00,Occupational Therapy Assistants,"Assist occupational therapists in providing occupational therapy treatments and procedures. May, in accordance with state laws, assist in development of treatment plans, carry out routine functions, direct activity programs, and document the progress of treatments. Generally requires formal training.",Occupational Therapy Assistants,occupation_title,no,83.02,normalized_title,pending
Occupational Therapist,Healthcare,262331,Occupational Therapist,11-9111.00,Medical and Health Services Managers,"Plan, direct, or coordinate medical and health services in hospitals, clinics, managed care organizations, public health agencies, or similar organizations.",Occupational Therapy Director,job_title,no,82.35,normalized_title,pending
Health Information Manager,Healthcare,223933,Health Information Manager,11-9199.00,"Managers, All Other",All managers not listed separately.,Health Information Manager,job_title,yes,100.0,exact_title,pending
Health Information Manager,Healthcare,223933,Health Information Manager,11-9111.00,Medical and Health Services Managers,"Plan, direct, or coordinate medical and health services in hospitals, clinics, managed care organizations, public health agencies, or similar organizations.",Medical Information Manager,job_title,no,86.79,normalized_title,pending
Health Information Manager,Healthcare,223933,Health Information Manager,29-2072.00,Medical Records Specialists,"Compile, process, and maintain medical records of hospital and clinic patients in a manner consistent with medical, administrative, ethical, legal, and regulatory requirements of the healthcare system. Classify medical and healthcare concepts, including diagnosis, procedures, medical services, and equipment, into the healthcare industry's numerical coding system. Includes medical coders.",Health Information Clerk,job_title,no,84.0,normalized_title,pending
Health Information Manager,Healthcare,223933,Health Information Manager,29-9021.00,Health Information Technologists and Medical Registrars,"Apply knowledge of healthcare and information systems to assist in the design, development, and continued modification and analysis of computerized healthcare systems. Abstract, collect, and analyze treatment and followup information of patients. May educate staff and assist in problem solving to promote the implementation of the healthcare information system. May design, develop, test, and implement databases with complete history, diagnosis, treatment, and health status to help monitor diseases.",Health Information Management Tech,short_title,no,83.33,normalized_title,pending
Health Information Manager,Healthcare,223933,Health Information Manager,15-1211.01,Health Informatics Specialists,"Apply knowledge of nursing and informatics to assist in the design, development, and ongoing modification of computerized health care systems. May educate staff and assist in problem solving to promote the implementation of the health care system.",Health Information Management Manager,job_title,no,82.54,normalized_title,pending
Content Creator (Marketing),Marketing and Communications,221531,Content Creator (Marketing),15-1255.01,Video Game Designers,"Design core features of video games. Specify innovative game and role-play mechanics, story lines, and character biographies. Create and maintain design documentation. Guide and collaborate with production staff to produce games as designed.",Content Creator,job_title,no,75.0,normalized_title,pending
Content Creator (Marketing),Marketing and Communications,221531,Content Creator (Marketing),27-3043.00,Writers and Authors,"Originate and prepare written material, such as scripts, stories, advertisements, and other material.",Content Creator,job_title,no,75.0,normalized_title,pending
Content Creator (Marketing),Marketing and Communications,221531,Content Creator (Marketing),27-4032.00,Film and Video Editors,"Edit moving images on film, video, or other media. May work with a producer or director to organize images for final production. May edit or synchronize soundtracks with images.",Content Creator,job_title,no,75.0,normalized_title,pending
Content Creator (Marketing),Marketing and Communications,221531,Content Creator (Marketing),25-4012.00,Curators,"Administer collections, such as artwork, collectibles, historic items, or scientific specimens of museums or other institutions. May conduct instructional, research, or public service activities of institution.",Content Curator,job_title,no,70.0,normalized_title,pending
Content Creator (Marketing),Marketing and Communications,221531,Content Creator (Marketing),27-3031.00,Public Relations Specialists,"Promote or create an intended public image for individuals, groups, or organizations. May write or select material for release to various communications media. May specialize in using social media.",Content Marketing Specialist,job_title,no,64.15,normalized_title,pending
Digital Marketing Analyst,Marketing and Communications,221532,Digital Marketing Analyst,11-2021.00,Marketing Managers,"Plan, direct, or coordinate marketing policies and programs, such as determining the demand for products and services offered by a firm and its competitors, and identify potential customers. Develop pricing strategies with the goal of maximizing the firm's profits or share of the market while ensuring the firm's customers are satisfied. Oversee product development or monitor trends that indicate the need for new products and services.",Digital Marketing Manager,job_title,no,84.0,normalized_title,pending
Digital Marketing Analyst,Marketing and Communications,221532,Digital Marketing Analyst,13-1161.00,Market Research Analysts and Marketing Specialists,"Research conditions in local, regional, national, or online markets. Gather information to determine potential sales of a product or service, or plan a marketing or advertising campaign. May gather information on competitors, prices, sales, and methods of marketing and distribution. May employ search marketing tactics, analyze web metrics, and develop recommendations to increase search engine ranking and visibility to target markets.",Digital Marketing Specialist,job_title,no,83.02,normalized_title,pending
Digital Marketing Analyst,Marketing and Communications,221532,Digital Marketing Analyst,15-1299.06,Digital Forensics Analysts,"Conduct investigations on computer-based crimes establishing documentary or physical evidence, such as digital media and logs associated with cyber intrusion incidents. Analyze digital evidence and investigate computer security incidents to derive information in support of system and network vulnerability mitigation. Preserve and present computer-related evidence in support of criminal, fraud, counterintelligence, or law enforcement investigations.",Digital Media Analyst,job_title,no,78.26,normalized_title,pending
Digital Marketing Analyst,Marketing and Communications,221532,Digital Marketing Analyst,11-2011.00,Advertising and Promotions Managers,"Plan, direct, or coordinate advertising policies and programs or produce collateral materials, such as posters, contests, coupons, or giveaways, to create extra interest in the purchase of a product or service for a department, an entire organization, or on an account basis.",Digital Marketing Coordinator,job_title,no,77.78,normalized_title,pending
Digital Marketing Analyst,Marketing and Communications,221532,Digital Marketing Analyst,13-1161.01,Search Marketing Strategists,"Employ search marketing tactics to increase visibility and engagement with content, products, or services in Internet-enabled devices or interfaces. Examine search query behaviors on general or specialty search engines or other Internet-based content. Analyze research, data, or technology to understand user intent and measure outcomes for ongoing optimization.",Search Marketing Analyst,job_title,no,77.55,normalized_title,pending
Market Research Analyst,Marketing and Communications,221533,Market Research Analyst,13-1161.00,Market Research Analysts and Marketing Specialists,"Research conditions in local, regional, national, or online markets. Gather information to determine potential sales of a product or service, or plan a marketing or advertising campaign. May gather information on competitors, prices, sales, and methods of marketing and distribution. May employ search marketing tactics, analyze web metrics, and develop recommendations to increase search engine ranking and visibility to target markets.",Market Research Analyst,job_title,yes,100.0,exact_title,pending
Market Research Analyst,Marketing and Communications,221533,Market Research Analyst,11-2021.00,Marketing Managers,"Plan, direct, or coordinate marketing policies and programs, such as determining the demand for products and services offered by a firm and its competitors, and identify potential customers. Develop pricing strategies with the goal of maximizing the firm's profits or share of the market while ensuring the firm's customers are satisfied. Oversee product development or monitor trends that indicate the need for new products and services.",Market Research Manager,job_title,no,82.61,normalized_title,pending
Market Research Analyst,Marketing and Communications,221533,Market Research Analyst,13-2051.00,Financial and Investment Analysts,"Conduct quantitative analyses of information involving investment programs or financial data of public or private institutions, including valuation of businesses.",Equity Research Analyst,job_title,no,82.61,normalized_title,pending
Market Research Analyst,Marketing and Communications,221533,Market Research Analyst,13-2054.00,Financial Risk Specialists,"Analyze and measure exposure to credit and market risk threatening the assets, earning capacity, or economic state of an organization. May make recommendations to limit risk.",Equity Research Analyst,job_title,no,82.61,normalized_title,pending
Market Research Analyst,Marketing and Communications,221533,Market Research Analyst,19-3022.00,Survey Researchers,"Plan, develop, or conduct surveys. May analyze and interpret the meaning of survey data, determine survey objectives, or suggest or test question wording. Includes social scientists who primarily design questionnaires or supervise survey teams.",Survey Research Analyst,job_title,no,82.61,normalized_title,pending
Marketing Specialist,Marketing and Communications,221534,Marketing Specialist,13-1161.00,Market Research Analysts and Marketing Specialists,"Research conditions in local, regional, national, or online markets. Gather information to determine potential sales of a product or service, or plan a marketing or advertising campaign. May gather information on competitors, prices, sales, and methods of marketing and distribution. May employ search marketing tactics, analyze web metrics, and develop recommendations to increase search engine ranking and visibility to target markets.",Marketing Specialist,job_title,yes,100.0,exact_title,pending
Marketing Specialist,Marketing and Communications,221534,Marketing Specialist,13-1161.01,Search Marketing Strategists,"Employ search marketing tactics to increase visibility and engagement with content, products, or services in Internet-enabled devices or interfaces. Examine search query behaviors on general or specialty search engines or other Internet-based content. Analyze research, data, or technology to understand user intent and measure outcomes for ongoing optimization.",Marketing Specialist,job_title,yes,100.0,exact_title,pending
Marketing Specialist,Marketing and Communications,221534,Marketing Specialist,29-1241.00,"Ophthalmologists, Except Pediatric",Diagnose and perform surgery to treat and help prevent disorders and diseases of the eye. May also provide vision services for treatment including glasses and contacts.,Retina Specialist,job_title,no,86.49,normalized_title,pending
Marketing Specialist,Marketing and Communications,221534,Marketing Specialist,13-2054.00,Financial Risk Specialists,"Analyze and measure exposure to credit and market risk threatening the assets, earning capacity, or economic state of an organization. May make recommendations to limit risk.",Market Risk Specialist,job_title,no,85.71,normalized_title,pending
Marketing Specialist,Marketing and Communications,221534,Marketing Specialist,43-4031.00,"Court, Municipal, and License Clerks","Perform clerical duties for courts of law, municipalities, or governmental licensing agencies and bureaus. May prepare docket of cases to be called; secure information for judges and court; prepare draft agendas or bylaws for town or city council; answer official correspondence; keep fiscal records and accounts; issue licenses or permits; and record data, administer tests, or collect fees.",Docketing Specialist,job_title,no,85.0,normalized_title,pending
Multimedia Designer,Design and Creative Technology,242131,Multimedia Designer,27-1014.00,Special Effects Artists and Animators,"Create special effects or animations using film, video, computers, or other electronic tools and media for use in products, such as computer games, movies, music videos, and commercials.",Multimedia Designer,job_title,yes,100.0,exact_title,pending
Multimedia Designer,Design and Creative Technology,242131,Multimedia Designer,27-1024.00,Graphic Designers,"Design or create graphics to meet specific commercial or promotional needs, such as packaging, displays, or logos. May use a variety of mediums to achieve artistic or decorative effects.",Multimedia Designer,job_title,yes,100.0,exact_title,pending
Multimedia Designer,Design and Creative Technology,242131,Multimedia Designer,15-1299.00,"Computer Occupations, All Other",All computer occupations not listed separately.,Multimedia Developer,job_title,no,76.92,normalized_title,pending
Multimedia Designer,Design and Creative Technology,242131,Multimedia Designer,15-1255.01,Video Game Designers,"Design core features of video games. Specify innovative game and role-play mechanics, story lines, and character biographies. Create and maintain design documentation. Guide and collaborate with production staff to produce games as designed.",Interactive Multimedia Designer,job_title,no,76.0,normalized_title,pending
Multimedia Designer,Design and Creative Technology,242131,Multimedia Designer,17-3013.00,Mechanical Drafters,"Prepare detailed working diagrams of machinery and mechanical devices, including dimensions, fastening methods, and other engineering information.",Mold Designer,job_title,no,75.0,normalized_title,pending
UI / UX Designer,Design and Creative Technology,242132,UI / UX Designer,15-1253.00,Software Quality Assurance Analysts and Testers,"Develop and execute software tests to identify software problems and their causes. Test system modifications to prepare for implementation. Document software and application defects using a bug tracking system and report defects to software or web developers. Create and maintain databases of known defects. May participate in software design reviews to provide input on functional requirements, operational characteristics, product designs, and schedules.",UI/UX Designer,short_title,yes,100.0,exact_title,pending
UI / UX Designer,Design and Creative Technology,242132,UI / UX Designer,15-1252.00,Software Developers,"Research, design, and develop computer and network software or specialized utility programs. Analyze user needs and develop software solutions, applying principles and techniques of computer science, engineering, and mathematical analysis. Update software or enhance existing software capabilities. May work with computer hardware engineers to integrate hardware and software systems, and develop specifications and performance requirements. May maintain databases within an application area, working individually or coordinating database development as part of a team.",UI Designer,short_title,no,88.0,normalized_title,pending
UI / UX Designer,Design and Creative Technology,242132,UI / UX Designer,15-1255.00,Web and Digital Interface Designers,"Design digital user interfaces or websites. Develop and test layouts, interfaces, functionality, and navigation menus to ensure compatibility and usability across browsers or devices. May use web framework applications as well as client-side code and processes. May evaluate web design following web and accessibility standards, and may analyze web use metrics and optimize websites for marketability and search engine ranking. May design and test interfaces that facilitate the human-computer interaction and maximize the usability of digital devices, websites, and software with a focus on aesthetics and design. May create graphics used in websites and manage website content and links.",UI Designer,short_title,no,88.0,normalized_title,pending
UI / UX Designer,Design and Creative Technology,242132,UI / UX Designer,17-2112.01,Human Factors Engineers and Ergonomists,"Design objects, facilities, and environments to optimize human well-being and overall system performance, applying theory, principles, and data regarding the relationship between humans and respective technology. Investigate and analyze characteristics of human behavior and performance as it relates to the use of technology.",UI Designer,short_title,no,88.0,normalized_title,pending
UI / UX Designer,Design and Creative Technology,242132,UI / UX Designer,27-1021.00,Commercial and Industrial Designers,"Design and develop manufactured products, such as cars, home appliances, and children's toys. Combine artistic talent with research on product use, marketing, and materials to create the most functional and appealing product design.",UI Product Designer,short_title,no,78.79,normalized_title,pending
Web Designer,Design and Creative Technology,242133,Web Designer,15-1255.00,Web and Digital Interface Designers,"Design digital user interfaces or websites. Develop and test layouts, interfaces, functionality, and navigation menus to ensure compatibility and usability across browsers or devices. May use web framework applications as well as client-side code and processes. May evaluate web design following web and accessibility standards, and may analyze web use metrics and optimize websites for marketability and search engine ranking. May design and test interfaces that facilitate the human-computer interaction and maximize the usability of digital devices, websites, and software with a focus on aesthetics and design. May create graphics used in websites and manage website content and links.",Web Designer,job_title,yes,100.0,exact_title,pending
Web Designer,Design and Creative Technology,242133,Web Designer,17-3011.00,Architectural and Civil Drafters,"Prepare detailed drawings of architectural and structural features of buildings or drawings and topographical relief maps used in civil engineering projects, such as highways, bridges, and public works. Use knowledge of building materials, engineering practices, and mathematics to complete drawings.",BIM Designer,short_title,no,83.33,normalized_title,pending
Web Designer,Design and Creative Technology,242133,Web Designer,17-3012.00,Electrical and Electronics Drafters,"Prepare wiring diagrams, circuit board assembly diagrams, and layout drawings used for the manufacture, installation, or repair of electrical equipment.",PCB Designer,short_title,no,83.33,normalized_title,pending
Web Designer,Design and Creative Technology,242133,Web Designer,17-3013.00,Mechanical Drafters,"Prepare detailed working diagrams of machinery and mechanical devices, including dimensions, fastening methods, and other engineering information.",Die Designer,job_title,no,83.33,normalized_title,pending
Web Designer,Design and Creative Technology,242133,Web Designer,27-1027.00,Set and Exhibit Designers,"Design special exhibits and sets for film, video, television, and theater productions. May study scripts, confer with directors, and conduct research to determine appropriate architectural styles.",Set Designer,job_title,no,83.33,normalized_title,pending
Graphic Designer,Design and Creative Technology,242332,Graphic Designer,27-1024.00,Graphic Designers,"Design or create graphics to meet specific commercial or promotional needs, such as packaging, displays, or logos. May use a variety of mediums to achieve artistic or decorative effects.",Graphic Designer,job_title,yes,100.0,exact_title,pending
Graphic Designer,Design and Creative Technology,242332,Graphic Designer,27-1014.00,Special Effects Artists and Animators,"Create special effects or animations using film, video, computers, or other electronic tools and media for use in products, such as computer games, movies, music videos, and commercials.",Web Graphic Designer,job_title,no,88.89,normalized_title,pending
Graphic Designer,Design and Creative Technology,242332,Graphic Designer,17-1021.00,Cartographers and Photogrammetrists,"Research, study, and prepare maps and other spatial data in digital or graphic form for one or more purposes, such as legal, social, political, educational, and design purposes. May work with Geographic Information Systems (GIS). May design and evaluate algorithms, data structures, and user interfaces for GIS and mapping systems. May collect, analyze, and interpret geographic information provided by geodetic surveys, aerial photographs, and satellite data.",Cartographic Designer,job_title,no,86.49,normalized_title,pending
Graphic Designer,Design and Creative Technology,242332,Graphic Designer,15-1251.00,Computer Programmers,"Create, modify, and test the code and scripts that allow computer applications to run. Work from specifications drawn up by software and web developers or other individuals. May develop and write computer programs to store, locate, and retrieve specific documents, data, and information.",Graphic Engineer,job_title,no,81.25,normalized_title,pending
Graphic Designer,Design and Creative Technology,242332,Graphic Designer,15-1252.00,Software Developers,"Research, design, and develop computer and network software or specialized utility programs. Analyze user needs and develop software solutions, applying principles and techniques of computer science, engineering, and mathematical analysis. Update software or enhance existing software capabilities. May work with computer hardware engineers to integrate hardware and software systems, and develop specifications and performance requirements. May maintain databases within an application area, working individually or coordinating database development as part of a team.",Graphic Engineer,job_title,no,81.25,normalized_title,pending
Human Resources Adviser,"People, Organisation, Operations and Supply Chain",222131,Human Resources Adviser,13-1199.00,"Business Operations Specialists, All Other",All business operations specialists not listed separately.,Human Resources Advisor,job_title,no,95.65,normalized_title,pending
Human Resources Adviser,"People, Organisation, Operations and Supply Chain",222131,Human Resources Adviser,11-3121.00,Human Resources Managers,"Plan, direct, or coordinate human resources activities and staff of an organization.",Human Resources Managers,occupation_title,no,80.85,normalized_title,pending
Human Resources Adviser,"People, Organisation, Operations and Supply Chain",222131,Human Resources Adviser,13-1071.00,Human Resources Specialists,"Recruit, screen, interview, or place individuals within an organization. May perform other activities in multiple human resources areas.",Human Resources Specialists,occupation_title,no,76.0,normalized_title,pending
Human Resources Adviser,"People, Organisation, Operations and Supply Chain",222131,Human Resources Adviser,43-4161.00,"Human Resources Assistants, Except Payroll and Timekeeping","Compile and keep personnel records. Record data for each employee, such as address, weekly earnings, absences, amount of sales or production, supervisory reports, and date of and reason for termination. May prepare reports for employment records, file employment records, or search employee files and furnish information to authorized persons.",Human Resources Team Member,job_title,no,76.0,normalized_title,pending
Human Resources Adviser,"People, Organisation, Operations and Supply Chain",222131,Human Resources Adviser,11-3131.00,Training and Development Managers,"Plan, direct, or coordinate the training and development activities and staff of an organization.",HR Trainer (Human Resources Trainer),job_title,no,70.18,normalized_title,pending
Recruitment Consultant,"People, Organisation, Operations and Supply Chain",222231,Recruitment Consultant,13-1071.00,Human Resources Specialists,"Recruit, screen, interview, or place individuals within an organization. May perform other activities in multiple human resources areas.",Recruitment Consultant,job_title,yes,100.0,exact_title,pending
Recruitment Consultant,"People, Organisation, Operations and Supply Chain",222231,Recruitment Consultant,39-7012.00,Travel Guides,"Plan, organize, and conduct long-distance travel, tours, and expeditions for individuals and groups.",Cruise Consultant,job_title,no,82.05,normalized_title,pending
Recruitment Consultant,"People, Organisation, Operations and Supply Chain",222231,Recruitment Consultant,13-2051.00,Financial and Investment Analysts,"Conduct quantitative analyses of information involving investment programs or financial data of public or private institutions, including valuation of businesses.",Securities Consultant,job_title,no,79.07,normalized_title,pending
Recruitment Consultant,"People, Organisation, Operations and Supply Chain",222231,Recruitment Consultant,13-2052.00,Personal Financial Advisors,"Advise clients on financial plans using knowledge of tax and investment strategies, securities, insurance, pension plans, and real estate. Duties include assessing clients' assets, liabilities, cash flow, insurance coverage, tax status, and financial objectives. May also buy and sell financial assets for clients.",Investment Consultant,job_title,no,79.07,normalized_title,pending
Recruitment Consultant,"People, Organisation, Operations and Supply Chain",222231,Recruitment Consultant,13-2054.00,Financial Risk Specialists,"Analyze and measure exposure to credit and market risk threatening the assets, earning capacity, or economic state of an organization. May make recommendations to limit risk.",Securities Consultant,job_title,no,79.07,normalized_title,pending
Workplace Relations Adviser,"People, Organisation, Operations and Supply Chain",222132,Workplace Relations Adviser,21-1019.00,"Counselors, All Other",All counselors not listed separately.,Race Relations Adviser,job_title,no,89.8,normalized_title,pending
Workplace Relations Adviser,"People, Organisation, Operations and Supply Chain",222132,Workplace Relations Adviser,21-1029.00,"Social Workers, All Other",All social workers not listed separately.,Race Relations Adviser,job_title,no,89.8,normalized_title,pending
Workplace Relations Adviser,"People, Organisation, Operations and Supply Chain",222132,Workplace Relations Adviser,11-3121.00,Human Resources Managers,"Plan, direct, or coordinate human resources activities and staff of an organization.",Labor Relations Director,job_title,no,66.67,normalized_title,pending
Workplace Relations Adviser,"People, Organisation, Operations and Supply Chain",222132,Workplace Relations Adviser,21-1012.00,"Educational, Guidance, and Career Counselors and Advisors",Advise and assist students and provide educational and vocational guidance services.,Vocational Adviser,job_title,no,66.67,normalized_title,pending
Workplace Relations Adviser,"People, Organisation, Operations and Supply Chain",222132,Workplace Relations Adviser,21-1015.00,Rehabilitation Counselors,"Counsel individuals to maximize the independence and employability of persons coping with personal, social, and vocational difficulties that result from birth defects, illness, disease, accidents, aging, or the stress of daily life. Coordinate activities for residents of care and treatment facilities. Assess client needs and design and implement rehabilitation programs that may include personal and vocational counseling, training, and job placement.",Options Advisor,job_title,no,66.67,normalized_title,pending
Supply Chain Analyst,"People, Organisation, Operations and Supply Chain",223434,Supply Chain Analyst,13-1081.02,Logistics Analysts,"Analyze product delivery or supply chain processes to identify or recommend changes. May manage route activity including invoicing, electronic bills, and shipment tracing.",Supply Chain Analyst,job_title,yes,100.0,exact_title,pending
Supply Chain Analyst,"People, Organisation, Operations and Supply Chain",223434,Supply Chain Analyst,11-3071.04,Supply Chain Managers,"Direct or coordinate production, purchasing, warehousing, distribution, or financial forecasting services or activities to limit costs and improve accuracy, customer service, or safety. Examine existing procedures or opportunities for streamlining activities to meet product distribution needs. Direct the movement, storage, or processing of inventory.",Supply Chain Managers,occupation_title,no,82.93,normalized_title,pending
Supply Chain Analyst,"People, Organisation, Operations and Supply Chain",223434,Supply Chain Analyst,13-1081.00,Logisticians,"Analyze and coordinate the ongoing logistical functions of a firm or organization. Responsible for the entire life cycle of a product, including acquisition, distribution, internal allocation, delivery, and final disposal of resources.",Supply Chain Specialist,job_title,no,79.07,normalized_title,pending
Supply Chain Analyst,"People, Organisation, Operations and Supply Chain",223434,Supply Chain Analyst,15-1252.00,Software Developers,"Research, design, and develop computer and network software or specialized utility programs. Analyze user needs and develop software solutions, applying principles and techniques of computer science, engineering, and mathematical analysis. Update software or enhance existing software capabilities. May work with computer hardware engineers to integrate hardware and software systems, and develop specifications and performance requirements. May maintain databases within an application area, working individually or coordinating database development as part of a team.",Application Analyst,job_title,no,76.92,normalized_title,pending
Supply Chain Analyst,"People, Organisation, Operations and Supply Chain",223434,Supply Chain Analyst,15-2051.02,Clinical Data Managers,"Apply knowledge of health care and database management to analyze clinical data, and to identify and report trends.",Application Analyst,job_title,no,76.92,normalized_title,pending
