left_source,left_source_key,left_concept_type,left_external_id,left_name,right_source,right_source_key,right_concept_type,right_external_id,right_name,match_basis,name_similarity,description_overlap,ranking_score,review_status,review_reason
O*NET Database,O*NET Database|onet_knowledge|2.C.1.a,knowledge,2.C.1.a,Administration and Management,ESCO,ESCO|esco_skills|http://data.europa.eu/esco/skill/d80f7a28-1e75-4247-9104-de8e5f909f0a,knowledge,http://data.europa.eu/esco/skill/d80f7a28-1e75-4247-9104-de8e5f909f0a,reputation management,fuzzy_review:reputational management,69.23,0.0,55.38,pending,Fuzzy candidate only. Do not merge without manual review.
O*NET Database,O*NET Database|onet_knowledge|2.C.1.a,knowledge,2.C.1.a,Administration and Management,ESCO,ESCO|esco_skills|http://data.europa.eu/esco/skill/5d7890d5-d229-4b79-a5da-6819e38a52b6,knowledge,http://data.europa.eu/esco/skill/5d7890d5-d229-4b79-a5da-6819e38a52b6,health records management,fuzzy_review:health information management,68.97,0.0,55.18,pending,Fuzzy candidate only. Do not merge without manual review.
O*NET Database,O*NET Database|onet_knowledge|2.C.1.a,knowledge,2.C.1.a,Administration and Management,ESCO,ESCO|esco_skills|http://data.europa.eu/esco/skill/e5a6e1e0-1b07-4432-83ba-77d593b2cb47,knowledge,http://data.europa.eu/esco/skill/e5a6e1e0-1b07-4432-83ba-77d593b2cb47,SAS Data Management,fuzzy_review:SAS Data Management,66.67,2.56,53.85,pending,Fuzzy candidate only. Do not merge without manual review.
O*NET Database,O*NET Database|onet_knowledge|2.C.1.b,knowledge,2.C.1.b,Administrative,ESCO,ESCO|esco_skills|http://data.europa.eu/esco/skill/7ee4c2ea-b349-4bd2-81a3-ec31475d4833,knowledge,http://data.europa.eu/esco/skill/7ee4c2ea-b349-4bd2-81a3-ec31475d4833,statistics,fuzzy_review:administrative data,84.85,2.22,68.32,pending,Fuzzy candidate only. Do not merge without manual review.
O*NET Database,O*NET Database|onet_knowledge|2.C.1.b,knowledge,2.C.1.b,Administrative,ESCO,ESCO|esco_skills|http://data.europa.eu/esco/skill/6eff134b-e34f-4d6e-a6e8-5e47cf2228d0,knowledge,http://data.europa.eu/esco/skill/6eff134b-e34f-4d6e-a6e8-5e47cf2228d0,risk management,fuzzy_review:risk administration,72.73,2.56,58.7,pending,Fuzzy candidate only. Do not merge without manual review.
O*NET Database,O*NET Database|onet_knowledge|2.C.1.b,knowledge,2.C.1.b,Administrative,ESCO,ESCO|esco_skills|http://data.europa.eu/esco/skill/88b406d0-72e2-4087-be19-d5992d259473,knowledge,http://data.europa.eu/esco/skill/88b406d0-72e2-4087-be19-d5992d259473,personnel management,fuzzy_review:personnel administration,63.16,2.78,51.08,pending,Fuzzy candidate only. Do not merge without manual review.
O*NET Database,O*NET Database|onet_knowledge|2.C.4.d,knowledge,2.C.4.d,Biology,ESCO,ESCO|esco_skills|http://data.europa.eu/esco/skill/8881a9c2-bd07-4954-bf27-c1f8acca9af0,knowledge,http://data.europa.eu/esco/skill/8881a9c2-bd07-4954-bf27-c1f8acca9af0,sociology,fuzzy_review:sociology,75.0,4.0,60.8,pending,Fuzzy candidate only. Do not merge without manual review.
O*NET Database,O*NET Database|onet_knowledge|2.C.4.d,knowledge,2.C.4.d,Biology,ESCO,ESCO|esco_skills|http://data.europa.eu/esco/skill/db8a9ba7-96ad-4c53-b552-d4f1570dfefb,knowledge,http://data.europa.eu/esco/skill/db8a9ba7-96ad-4c53-b552-d4f1570dfefb,pathology,fuzzy_review:aetiology,75.0,0.0,60.0,pending,Fuzzy candidate only. Do not merge without manual review.
O*NET Database,O*NET Database|onet_knowledge|2.C.4.d,knowledge,2.C.4.d,Biology,ESCO,ESCO|esco_skills|http://data.europa.eu/esco/skill/8bdd25f8-4b6e-40fe-a2cf-c1badc594114,knowledge,http://data.europa.eu/esco/skill/8bdd25f8-4b6e-40fe-a2cf-c1badc594114,geology,fuzzy_review:geology,71.43,0.0,57.14,pending,Fuzzy candidate only. Do not merge without manual review.
O*NET Database,O*NET Database|onet_knowledge|2.C.3.d,knowledge,2.C.3.d,Building and Construction,ESCO,ESCO|esco_skills|http://data.europa.eu/esco/skill/3eb03076-6fb4-48a1-8b36-36b5a5031ead,knowledge,http://data.europa.eu/esco/skill/3eb03076-6fb4-48a1-8b36-36b5a5031ead,bridge engineering,fuzzy_review:bridge construction,77.27,0.0,61.82,pending,Fuzzy candidate only. Do not merge without manual review.
O*NET Database,O*NET Database|onet_knowledge|2.C.3.d,knowledge,2.C.3.d,Building and Construction,ESCO,ESCO|esco_skills|http://data.europa.eu/esco/skill/6709e92c-7546-46a4-aa57-5e951bd4cb0f,knowledge,http://data.europa.eu/esco/skill/6709e92c-7546-46a4-aa57-5e951bd4cb0f,building automation,fuzzy_review:building automation,68.18,2.44,55.03,pending,Fuzzy candidate only. Do not merge without manual review.
O*NET Database,O*NET Database|onet_knowledge|2.C.3.d,knowledge,2.C.3.d,Building and Construction,ESCO,ESCO|esco_skills|http://data.europa.eu/esco/skill/dada8e80-2a53-41bf-9eac-f8c1f9971bed,knowledge,http://data.europa.eu/esco/skill/dada8e80-2a53-41bf-9eac-f8c1f9971bed,sustainable building materials,fuzzy_review:green building nanocoating,62.75,0.0,50.2,pending,Fuzzy candidate only. Do not merge without manual review.
O*NET Database,O*NET Database|onet_knowledge|2.C.4.c,knowledge,2.C.4.c,Chemistry,ESCO,ESCO|esco_skills|http://data.europa.eu/esco/skill/73777be0-65f2-48b6-a9a7-50066ee521bd,knowledge,http://data.europa.eu/esco/skill/73777be0-65f2-48b6-a9a7-50066ee521bd,geochemistry,fuzzy_review:geochemistry,85.71,6.25,69.82,pending,Fuzzy candidate only. Do not merge without manual review.
O*NET Database,O*NET Database|onet_knowledge|2.C.4.c,knowledge,2.C.4.c,Chemistry,ESCO,ESCO|esco_skills|http://data.europa.eu/esco/skill/d1072655-88ce-4445-8803-e6273da273e7,knowledge,http://data.europa.eu/esco/skill/d1072655-88ce-4445-8803-e6273da273e7,blueprints,fuzzy_review:schematics,63.16,0.0,50.53,pending,Fuzzy candidate only. Do not merge without manual review.
O*NET Database,O*NET Database|onet_knowledge|2.C.4.c,knowledge,2.C.4.c,Chemistry,ESCO,ESCO|esco_skills|http://data.europa.eu/esco/skill/f9f258e3-4728-4107-9e08-293d5d2ef65e,knowledge,http://data.europa.eu/esco/skill/f9f258e3-4728-4107-9e08-293d5d2ef65e,psychiatry,fuzzy_review:psychiatry,63.16,0.0,50.53,pending,Fuzzy candidate only. Do not merge without manual review.
O*NET Database,O*NET Database|onet_knowledge|2.C.9.b,knowledge,2.C.9.b,Communications and Media,ESCO,ESCO|esco_skills|http://data.europa.eu/esco/skill/5898d99a-62a4-4e10-a2e3-0d815ce44248,knowledge,http://data.europa.eu/esco/skill/5898d99a-62a4-4e10-a2e3-0d815ce44248,cyber attack counter-measures,fuzzy_review:network communications security measures,59.38,1.54,47.81,pending,Fuzzy candidate only. Do not merge without manual review.
O*NET Database,O*NET Database|onet_knowledge|2.C.9.b,knowledge,2.C.9.b,Communications and Media,ESCO,ESCO|esco_skills|http://data.europa.eu/esco/skill/6e4f75b4-c60f-4623-a9ba-760c8245753b,knowledge,http://data.europa.eu/esco/skill/6e4f75b4-c60f-4623-a9ba-760c8245753b,ICT communications protocols,fuzzy_review:IT communications protocols,58.82,3.33,47.72,pending,Fuzzy candidate only. Do not merge without manual review.
O*NET Database,O*NET Database|onet_knowledge|2.C.9.b,knowledge,2.C.9.b,Communications and Media,ESCO,ESCO|esco_skills|http://data.europa.eu/esco/skill/b17f4305-741a-4a1c-8fe8-6f11cb3d5c0a,knowledge,http://data.europa.eu/esco/skill/b17f4305-741a-4a1c-8fe8-6f11cb3d5c0a,business communication,fuzzy_review:business communication,56.52,0.0,45.22,pending,Fuzzy candidate only. Do not merge without manual review.
O*NET Database,O*NET Database|onet_knowledge|2.C.3.a,knowledge,2.C.3.a,Computers and Electronics,ESCO,ESCO|esco_skills|http://data.europa.eu/esco/skill/95c35c3a-035f-47c2-90cf-7e934d20fc08,knowledge,http://data.europa.eu/esco/skill/95c35c3a-035f-47c2-90cf-7e934d20fc08,electronics,fuzzy_review:aspects of electronics,68.09,56.25,65.72,pending,Fuzzy candidate only. Do not merge without manual review.
O*NET Database,O*NET Database|onet_knowledge|2.C.3.a,knowledge,2.C.3.a,Computers and Electronics,ESCO,ESCO|esco_skills|http://data.europa.eu/esco/skill/e66cd71d-371c-4f82-8bce-b220b8c2d6ea,knowledge,http://data.europa.eu/esco/skill/e66cd71d-371c-4f82-8bce-b220b8c2d6ea,optoelectronics,fuzzy_review:opto-electronics,73.17,4.17,59.37,pending,Fuzzy candidate only. Do not merge without manual review.
O*NET Database,O*NET Database|onet_knowledge|2.C.3.a,knowledge,2.C.3.a,Computers and Electronics,ESCO,ESCO|esco_skills|http://data.europa.eu/esco/skill/4b164a27-849f-4be2-ae79-d26a4969b677,knowledge,http://data.europa.eu/esco/skill/4b164a27-849f-4be2-ae79-d26a4969b677,microelectronics,fuzzy_review:micro-electronics,66.67,4.17,54.17,pending,Fuzzy candidate only. Do not merge without manual review.
O*NET Database,O*NET Database|onet_knowledge|2.C.1.e,knowledge,2.C.1.e,Customer and Personal Service,ESCO,ESCO|esco_skills|http://data.europa.eu/esco/skill/15a33d76-4640-438d-ae64-fdc0c1d3eebc,knowledge,http://data.europa.eu/esco/skill/15a33d76-4640-438d-ae64-fdc0c1d3eebc,customer service,fuzzy_review:customer service,71.11,23.08,61.5,pending,Fuzzy candidate only. Do not merge without manual review.
O*NET Database,O*NET Database|onet_knowledge|2.C.1.e,knowledge,2.C.1.e,Customer and Personal Service,ESCO,ESCO|esco_skills|http://data.europa.eu/esco/skill/83218cac-3599-417e-93d2-26013cdccd98,knowledge,http://data.europa.eu/esco/skill/83218cac-3599-417e-93d2-26013cdccd98,service-oriented modelling,fuzzy_review:Software as a service,60.0,2.7,48.54,pending,Fuzzy candidate only. Do not merge without manual review.
O*NET Database,O*NET Database|onet_knowledge|2.C.1.e,knowledge,2.C.1.e,Customer and Personal Service,ESCO,ESCO|esco_skills|http://data.europa.eu/esco/skill/136e0cab-0b19-48f7-9086-745d615f416b,knowledge,http://data.europa.eu/esco/skill/136e0cab-0b19-48f7-9086-745d615f416b,customer segmentation,fuzzy_review:customer segmentation process,58.62,0.0,46.9,pending,Fuzzy candidate only. Do not merge without manual review.
O*NET Database,O*NET Database|onet_knowledge|2.C.3.c,knowledge,2.C.3.c,Design,ESCO,ESCO|esco_skills|http://data.europa.eu/esco/skill/97965983-0da4-4902-9daf-d5cd2693ef73,knowledge,http://data.europa.eu/esco/skill/97965983-0da4-4902-9daf-d5cd2693ef73,3D modelling,fuzzy_review:3D designing,66.67,0.0,53.34,pending,Fuzzy candidate only. Do not merge without manual review.
O*NET Database,O*NET Database|onet_knowledge|2.C.3.c,knowledge,2.C.3.c,Design,ESCO,ESCO|esco_skills|http://data.europa.eu/esco/skill/3eb03076-6fb4-48a1-8b36-36b5a5031ead,knowledge,http://data.europa.eu/esco/skill/3eb03076-6fb4-48a1-8b36-36b5a5031ead,bridge engineering,fuzzy_review:bridge design,63.16,7.41,52.01,pending,Fuzzy candidate only. Do not merge without manual review.
O*NET Database,O*NET Database|onet_knowledge|2.C.3.c,knowledge,2.C.3.c,Design,ESCO,ESCO|esco_skills|http://data.europa.eu/esco/skill/7fb699d9-182a-430e-b7a0-6d8ed05c284b,knowledge,http://data.europa.eu/esco/skill/7fb699d9-182a-430e-b7a0-6d8ed05c284b,graphic design,fuzzy_review:visual design,63.16,5.56,51.64,pending,Fuzzy candidate only. Do not merge without manual review.
O*NET Database,O*NET Database|onet_knowledge|2.C.1.c,knowledge,2.C.1.c,Economics and Accounting,ESCO,ESCO|esco_skills|http://data.europa.eu/esco/skill/880c54f9-866e-4f37-b5fa-25ef8a7d49b6,knowledge,http://data.europa.eu/esco/skill/880c54f9-866e-4f37-b5fa-25ef8a7d49b6,accounting techniques,fuzzy_review:techniques of accounting,70.83,10.53,58.77,pending,Fuzzy candidate only. Do not merge without manual review.
O*NET Database,O*NET Database|onet_knowledge|2.C.1.c,knowledge,2.C.1.c,Economics and Accounting,ESCO,ESCO|esco_skills|http://data.europa.eu/esco/skill/ddc3119d-1d6e-4324-9125-a3380d299ac5,knowledge,http://data.europa.eu/esco/skill/ddc3119d-1d6e-4324-9125-a3380d299ac5,computer technology,fuzzy_review:technology in computing,55.32,4.17,45.09,pending,Fuzzy candidate only. Do not merge without manual review.
O*NET Database,O*NET Database|onet_knowledge|2.C.1.c,knowledge,2.C.1.c,Economics and Accounting,ESCO,ESCO|esco_skills|http://data.europa.eu/esco/skill/8efa6a7a-6556-4cb8-908d-59d3b5c58d2f,knowledge,http://data.europa.eu/esco/skill/8efa6a7a-6556-4cb8-908d-59d3b5c58d2f,cloud monitoring and reporting,fuzzy_review:cloud monitoring and reporting,55.56,0.0,44.45,pending,Fuzzy candidate only. Do not merge without manual review.
O*NET Database,O*NET Database|onet_knowledge|2.C.6,knowledge,2.C.6,Education and Training,ESCO,ESCO|esco_skills|http://data.europa.eu/esco/skill/12c7b323-d870-4f5b-9d7d-d9f525206d77,knowledge,http://data.europa.eu/esco/skill/12c7b323-d870-4f5b-9d7d-d9f525206d77,production processes,fuzzy_review:production handling,68.29,0.0,54.63,pending,Fuzzy candidate only. Do not merge without manual review.
O*NET Database,O*NET Database|onet_knowledge|2.C.6,knowledge,2.C.6,Education and Training,ESCO,ESCO|esco_skills|http://data.europa.eu/esco/skill/436b8f31-1a12-408a-be5f-a951942fbf92,knowledge,http://data.europa.eu/esco/skill/436b8f31-1a12-408a-be5f-a951942fbf92,simulation-based clinical education,fuzzy_review:scenario training,66.67,0.0,53.34,pending,Fuzzy candidate only. Do not merge without manual review.
O*NET Database,O*NET Database|onet_knowledge|2.C.6,knowledge,2.C.6,Education and Training,ESCO,ESCO|esco_skills|http://data.europa.eu/esco/skill/11cbcf7f-8dc3-4c9a-9ec1-37f51b5cbc19,knowledge,http://data.europa.eu/esco/skill/11cbcf7f-8dc3-4c9a-9ec1-37f51b5cbc19,international trade,fuzzy_review:international trading,65.12,0.0,52.1,pending,Fuzzy candidate only. Do not merge without manual review.
O*NET Database,O*NET Database|onet_knowledge|2.C.3.b,knowledge,2.C.3.b,Engineering and Technology,ESCO,ESCO|esco_skills|http://data.europa.eu/esco/skill/72a74f69-5cf1-43c5-99b9-62a444578919,knowledge,http://data.europa.eu/esco/skill/72a74f69-5cf1-43c5-99b9-62a444578919,engineering processes,fuzzy_review:engineering strategy,73.91,4.35,60.0,pending,Fuzzy candidate only. Do not merge without manual review.
O*NET Database,O*NET Database|onet_knowledge|2.C.3.b,knowledge,2.C.3.b,Engineering and Technology,ESCO,ESCO|esco_skills|http://data.europa.eu/esco/skill/9c071f1d-eac3-449d-b004-c14775b5a3b9,knowledge,http://data.europa.eu/esco/skill/9c071f1d-eac3-449d-b004-c14775b5a3b9,mechanical engineering,fuzzy_review:engineering of mechanisms,66.67,14.29,56.19,pending,Fuzzy candidate only. Do not merge without manual review.
O*NET Database,O*NET Database|onet_knowledge|2.C.3.b,knowledge,2.C.3.b,Engineering and Technology,ESCO,ESCO|esco_skills|http://data.europa.eu/esco/skill/54804209-6aac-4ca4-bf3c-aef4fbe18f8c,knowledge,http://data.europa.eu/esco/skill/54804209-6aac-4ca4-bf3c-aef4fbe18f8c,principles of mechanical engineering,fuzzy_review:engineering in mechanical systems,67.8,9.09,56.06,pending,Fuzzy candidate only. Do not merge without manual review.
O*NET Database,O*NET Database|onet_knowledge|2.C.7.a,knowledge,2.C.7.a,English Language,ESCO,ESCO|esco_skills|http://data.europa.eu/esco/skill/26fa7a33-a426-4cd5-9792-33bf668612e1,knowledge,http://data.europa.eu/esco/skill/26fa7a33-a426-4cd5-9792-33bf668612e1,LESS,fuzzy_review:LESS language,75.86,6.25,61.94,pending,Fuzzy candidate only. Do not merge without manual review.
O*NET Database,O*NET Database|onet_knowledge|2.C.7.a,knowledge,2.C.7.a,English Language,ESCO,ESCO|esco_skills|http://data.europa.eu/esco/skill/04f1b938-d4d4-4cb1-a863-982af76b9d93,knowledge,http://data.europa.eu/esco/skill/04f1b938-d4d4-4cb1-a863-982af76b9d93,SAS language,fuzzy_review:SAS language,71.43,0.0,57.14,pending,Fuzzy candidate only. Do not merge without manual review.
O*NET Database,O*NET Database|onet_knowledge|2.C.7.a,knowledge,2.C.7.a,English Language,ESCO,ESCO|esco_skills|http://data.europa.eu/esco/skill/2806260f-6399-4add-8f11-070141423f9d,knowledge,http://data.europa.eu/esco/skill/2806260f-6399-4add-8f11-070141423f9d,medical terminology,fuzzy_review:medical language,68.75,4.55,55.91,pending,Fuzzy candidate only. Do not merge without manual review.
O*NET Database,O*NET Database|onet_knowledge|2.C.7.c,knowledge,2.C.7.c,Fine Arts,ESCO,ESCO|esco_skills|http://data.europa.eu/esco/skill/750f86d2-18be-4015-84b1-d4a26d9b2d88,knowledge,http://data.europa.eu/esco/skill/750f86d2-18be-4015-84b1-d4a26d9b2d88,online ads campaign techniques,fuzzy_review:online ads,63.16,4.76,51.48,pending,Fuzzy candidate only. Do not merge without manual review.
O*NET Database,O*NET Database|onet_knowledge|2.C.7.c,knowledge,2.C.7.c,Fine Arts,ESCO,ESCO|esco_skills|http://data.europa.eu/esco/skill/2fea2558-630e-480d-9e12-47a05bc19b55,knowledge,http://data.europa.eu/esco/skill/2fea2558-630e-480d-9e12-47a05bc19b55,precision mechanics,fuzzy_review:fine mechanics,60.87,0.0,48.7,pending,Fuzzy candidate only. Do not merge without manual review.
O*NET Database,O*NET Database|onet_knowledge|2.C.7.c,knowledge,2.C.7.c,Fine Arts,ESCO,ESCO|esco_skills|http://data.europa.eu/esco/skill/56a46b02-ab98-4603-8816-c9daff1a119a,knowledge,http://data.europa.eu/esco/skill/56a46b02-ab98-4603-8816-c9daff1a119a,kinetics,fuzzy_review:kinetics,58.82,0.0,47.06,pending,Fuzzy candidate only. Do not merge without manual review.
O*NET Database,O*NET Database|onet_knowledge|2.C.2.b,knowledge,2.C.2.b,Food Production,ESCO,ESCO|esco_skills|http://data.europa.eu/esco/skill/a507f45d-0894-4803-b1cd-9ca7f15c9299,knowledge,http://data.europa.eu/esco/skill/a507f45d-0894-4803-b1cd-9ca7f15c9299,printed goods processes,fuzzy_review:printed goods production,71.79,0.0,57.43,pending,Fuzzy candidate only. Do not merge without manual review.
O*NET Database,O*NET Database|onet_knowledge|2.C.2.b,knowledge,2.C.2.b,Food Production,ESCO,ESCO|esco_skills|http://data.europa.eu/esco/skill/493b20c2-c435-449a-896e-0af057c41fef,knowledge,http://data.europa.eu/esco/skill/493b20c2-c435-449a-896e-0af057c41fef,film production process,fuzzy_review:film production method,64.86,0.0,51.89,pending,Fuzzy candidate only. Do not merge without manual review.
O*NET Database,O*NET Database|onet_knowledge|2.C.2.b,knowledge,2.C.2.b,Food Production,ESCO,ESCO|esco_skills|http://data.europa.eu/esco/skill/12c7b323-d870-4f5b-9d7d-d9f525206d77,knowledge,http://data.europa.eu/esco/skill/12c7b323-d870-4f5b-9d7d-d9f525206d77,production processes,fuzzy_review:a production process,62.86,4.76,51.24,pending,Fuzzy candidate only. Do not merge without manual review.
O*NET Database,O*NET Database|onet_knowledge|2.C.7.b,knowledge,2.C.7.b,Foreign Language,ESCO,ESCO|esco_skills|http://data.europa.eu/esco/skill/26fa7a33-a426-4cd5-9792-33bf668612e1,knowledge,http://data.europa.eu/esco/skill/26fa7a33-a426-4cd5-9792-33bf668612e1,LESS,fuzzy_review:LESS language,68.97,5.71,56.32,pending,Fuzzy candidate only. Do not merge without manual review.
O*NET Database,O*NET Database|onet_knowledge|2.C.7.b,knowledge,2.C.7.b,Foreign Language,ESCO,ESCO|esco_skills|http://data.europa.eu/esco/skill/2806260f-6399-4add-8f11-070141423f9d,knowledge,http://data.europa.eu/esco/skill/2806260f-6399-4add-8f11-070141423f9d,medical terminology,fuzzy_review:medical language,68.75,4.0,55.8,pending,Fuzzy candidate only. Do not merge without manual review.
O*NET Database,O*NET Database|onet_knowledge|2.C.7.b,knowledge,2.C.7.b,Foreign Language,ESCO,ESCO|esco_skills|http://data.europa.eu/esco/skill/11cbcf7f-8dc3-4c9a-9ec1-37f51b5cbc19,knowledge,http://data.europa.eu/esco/skill/11cbcf7f-8dc3-4c9a-9ec1-37f51b5cbc19,international trade,fuzzy_review:foreign trade,68.97,0.0,55.18,pending,Fuzzy candidate only. Do not merge without manual review.
O*NET Database,O*NET Database|onet_knowledge|2.C.4.g,knowledge,2.C.4.g,Geography,ESCO,ESCO|esco_skills|http://data.europa.eu/esco/skill/c94dd931-f568-48e2-9a1c-922f1ce21f67,knowledge,http://data.europa.eu/esco/skill/c94dd931-f568-48e2-9a1c-922f1ce21f67,demography,fuzzy_review:demography,84.21,6.06,68.58,pending,Fuzzy candidate only. Do not merge without manual review.
O*NET Database,O*NET Database|onet_knowledge|2.C.4.g,knowledge,2.C.4.g,Geography,ESCO,ESCO|esco_skills|http://data.europa.eu/esco/skill/790a335b-2005-4b8a-b6fe-47ff7701ebb7,knowledge,http://data.europa.eu/esco/skill/790a335b-2005-4b8a-b6fe-47ff7701ebb7,topography,fuzzy_review:topography,73.68,6.67,60.28,pending,Fuzzy candidate only. Do not merge without manual review.
O*NET Database,O*NET Database|onet_knowledge|2.C.4.g,knowledge,2.C.4.g,Geography,ESCO,ESCO|esco_skills|http://data.europa.eu/esco/skill/2dfa5bd5-c87c-461c-bce9-69b2c58732bd,knowledge,http://data.europa.eu/esco/skill/2dfa5bd5-c87c-461c-bce9-69b2c58732bd,cartography,fuzzy_review:cartography,70.0,0.0,56.0,pending,Fuzzy candidate only. Do not merge without manual review.
O*NET Database,O*NET Database|onet_knowledge|2.C.7.d,knowledge,2.C.7.d,History and Archeology,ESCO,ESCO|esco_skills|http://data.europa.eu/esco/skill/6fa0f0de-5630-4a08-a042-a2e07de9208e,knowledge,http://data.europa.eu/esco/skill/6fa0f0de-5630-4a08-a042-a2e07de9208e,obstetrics and gynaecology,fuzzy_review:obstetrics and gynaecology,62.5,0.0,50.0,pending,Fuzzy candidate only. Do not merge without manual review.
O*NET Database,O*NET Database|onet_knowledge|2.C.7.d,knowledge,2.C.7.d,History and Archeology,ESCO,ESCO|esco_skills|http://data.europa.eu/esco/skill/60c544c9-0815-479c-bcec-93c7891815ea,knowledge,http://data.europa.eu/esco/skill/60c544c9-0815-479c-bcec-93c7891815ea,pharmacology,fuzzy_review:study of pharmacology,60.47,0.0,48.38,pending,Fuzzy candidate only. Do not merge without manual review.
O*NET Database,O*NET Database|onet_knowledge|2.C.7.d,knowledge,2.C.7.d,History and Archeology,ESCO,ESCO|esco_skills|http://data.europa.eu/esco/skill/a8da58c7-42fc-4fd6-b25a-b06b74c00179,knowledge,http://data.europa.eu/esco/skill/a8da58c7-42fc-4fd6-b25a-b06b74c00179,nanotechnology,fuzzy_review:field of nano-technology,56.52,0.0,45.22,pending,Fuzzy candidate only. Do not merge without manual review.
O*NET Database,O*NET Database|onet_knowledge|2.C.8.b,knowledge,2.C.8.b,Law and Government,ESCO,ESCO|esco_skills|http://data.europa.eu/esco/skill/f150e743-1313-48e5-9948-4179a3c7ad95,knowledge,http://data.europa.eu/esco/skill/f150e743-1313-48e5-9948-4179a3c7ad95,movement techniques,fuzzy_review:ways of movement,58.82,0.0,47.06,pending,Fuzzy candidate only. Do not merge without manual review.
O*NET Database,O*NET Database|onet_knowledge|2.C.8.b,knowledge,2.C.8.b,Law and Government,ESCO,ESCO|esco_skills|http://data.europa.eu/esco/skill/e437eba1-3e22-41f2-8703-741e94785cba,knowledge,http://data.europa.eu/esco/skill/e437eba1-3e22-41f2-8703-741e94785cba,human resource management,fuzzy_review:HR management,58.06,0.0,46.45,pending,Fuzzy candidate only. Do not merge without manual review.
O*NET Database,O*NET Database|onet_knowledge|2.C.8.b,knowledge,2.C.8.b,Law and Government,ESCO,ESCO|esco_skills|http://data.europa.eu/esco/skill/750f86d2-18be-4015-84b1-d4a26d9b2d88,knowledge,http://data.europa.eu/esco/skill/750f86d2-18be-4015-84b1-d4a26d9b2d88,online ads campaign techniques,fuzzy_review:online advertisement,57.89,0.0,46.31,pending,Fuzzy candidate only. Do not merge without manual review.
O*NET Database,O*NET Database|onet_knowledge|2.C.4.a,knowledge,2.C.4.a,Mathematics,ESCO,ESCO|esco_skills|http://data.europa.eu/esco/skill/6db3ac8e-8636-4ced-965b-75e35c3193c3,knowledge,http://data.europa.eu/esco/skill/6db3ac8e-8636-4ced-965b-75e35c3193c3,aesthetics,fuzzy_review:aesthetics,76.19,0.0,60.95,pending,Fuzzy candidate only. Do not merge without manual review.
O*NET Database,O*NET Database|onet_knowledge|2.C.4.a,knowledge,2.C.4.a,Mathematics,ESCO,ESCO|esco_skills|http://data.europa.eu/esco/skill/d1072655-88ce-4445-8803-e6273da273e7,knowledge,http://data.europa.eu/esco/skill/d1072655-88ce-4445-8803-e6273da273e7,blueprints,fuzzy_review:schematics,76.19,0.0,60.95,pending,Fuzzy candidate only. Do not merge without manual review.
O*NET Database,O*NET Database|onet_knowledge|2.C.4.a,knowledge,2.C.4.a,Mathematics,ESCO,ESCO|esco_skills|http://data.europa.eu/esco/skill/023f4870-b417-4bd2-b0ae-78e61587c79f,knowledge,http://data.europa.eu/esco/skill/023f4870-b417-4bd2-b0ae-78e61587c79f,geomatics,fuzzy_review:geomatics,70.0,0.0,56.0,pending,Fuzzy candidate only. Do not merge without manual review.
O*NET Database,O*NET Database|onet_knowledge|2.C.3.e,knowledge,2.C.3.e,Mechanical,ESCO,ESCO|esco_skills|http://data.europa.eu/esco/skill/efa141df-f382-418f-9121-bd88fd735669,knowledge,http://data.europa.eu/esco/skill/efa141df-f382-418f-9121-bd88fd735669,mechanics,fuzzy_review:mechanics,84.21,0.0,67.37,pending,Fuzzy candidate only. Do not merge without manual review.
O*NET Database,O*NET Database|onet_knowledge|2.C.3.e,knowledge,2.C.3.e,Mechanical,ESCO,ESCO|esco_skills|http://data.europa.eu/esco/skill/8a06c621-adfe-41df-8fe9-6b33f1ea3f0a,knowledge,http://data.europa.eu/esco/skill/8a06c621-adfe-41df-8fe9-6b33f1ea3f0a,biomechanics,fuzzy_review:biomechanics,72.73,0.0,58.18,pending,Fuzzy candidate only. Do not merge without manual review.
O*NET Database,O*NET Database|onet_knowledge|2.C.3.e,knowledge,2.C.3.e,Mechanical,ESCO,ESCO|esco_skills|http://data.europa.eu/esco/skill/d88cb3f1-8e02-4618-bf32-4b0488066934,knowledge,http://data.europa.eu/esco/skill/d88cb3f1-8e02-4618-bf32-4b0488066934,mechatronics,fuzzy_review:mechatronics,72.73,0.0,58.18,pending,Fuzzy candidate only. Do not merge without manual review.
O*NET Database,O*NET Database|onet_knowledge|2.C.5.a,knowledge,2.C.5.a,Medicine and Dentistry,ESCO,ESCO|esco_skills|http://data.europa.eu/esco/skill/2d6904db-9e16-42a5-bc12-c5acb8bfab18,knowledge,http://data.europa.eu/esco/skill/2d6904db-9e16-42a5-bc12-c5acb8bfab18,safe management of medicines,fuzzy_review:medicine management methods,61.22,0.0,48.98,pending,Fuzzy candidate only. Do not merge without manual review.
O*NET Database,O*NET Database|onet_knowledge|2.C.5.a,knowledge,2.C.5.a,Medicine and Dentistry,ESCO,ESCO|esco_skills|http://data.europa.eu/esco/skill/cde9911c-f92e-4de1-811f-336e177ac4ce,knowledge,http://data.europa.eu/esco/skill/cde9911c-f92e-4de1-811f-336e177ac4ce,chemistry,fuzzy_review:science of chemistry,57.14,7.69,47.25,pending,Fuzzy candidate only. Do not merge without manual review.
O*NET Database,O*NET Database|onet_knowledge|2.C.5.a,knowledge,2.C.5.a,Medicine and Dentistry,ESCO,ESCO|esco_skills|http://data.europa.eu/esco/skill/2806260f-6399-4add-8f11-070141423f9d,knowledge,http://data.europa.eu/esco/skill/2806260f-6399-4add-8f11-070141423f9d,medical terminology,fuzzy_review:medical terms and abbreviations,56.6,0.0,45.28,pending,Fuzzy candidate only. Do not merge without manual review.
O*NET Database,O*NET Database|onet_knowledge|2.C.1.f,knowledge,2.C.1.f,Personnel and Human Resources,ESCO,ESCO|esco_skills|http://data.europa.eu/esco/skill/88b406d0-72e2-4087-be19-d5992d259473,knowledge,http://data.europa.eu/esco/skill/88b406d0-72e2-4087-be19-d5992d259473,personnel management,fuzzy_review:personnel management,61.22,9.68,50.91,pending,Fuzzy candidate only. Do not merge without manual review.
O*NET Database,O*NET Database|onet_knowledge|2.C.1.f,knowledge,2.C.1.f,Personnel and Human Resources,ESCO,ESCO|esco_skills|http://data.europa.eu/esco/skill/c6e308b4-8799-4461-a9bd-560bdecb0dbb,knowledge,http://data.europa.eu/esco/skill/c6e308b4-8799-4461-a9bd-560bdecb0dbb,human resources department processes,fuzzy_review:human resources processes,55.56,6.45,45.74,pending,Fuzzy candidate only. Do not merge without manual review.
O*NET Database,O*NET Database|onet_knowledge|2.C.1.f,knowledge,2.C.1.f,Personnel and Human Resources,ESCO,ESCO|esco_skills|http://data.europa.eu/esco/skill/e437eba1-3e22-41f2-8703-741e94785cba,knowledge,http://data.europa.eu/esco/skill/e437eba1-3e22-41f2-8703-741e94785cba,human resource management,fuzzy_review:human resource control,54.9,4.76,44.87,pending,Fuzzy candidate only. Do not merge without manual review.
O*NET Database,O*NET Database|onet_knowledge|2.C.7.e,knowledge,2.C.7.e,Philosophy and Theology,ESCO,ESCO|esco_skills|http://data.europa.eu/esco/skill/a8da58c7-42fc-4fd6-b25a-b06b74c00179,knowledge,http://data.europa.eu/esco/skill/a8da58c7-42fc-4fd6-b25a-b06b74c00179,nanotechnology,fuzzy_review:field of nano-technology,59.57,0.0,47.66,pending,Fuzzy candidate only. Do not merge without manual review.
O*NET Database,O*NET Database|onet_knowledge|2.C.7.e,knowledge,2.C.7.e,Philosophy and Theology,ESCO,ESCO|esco_skills|http://data.europa.eu/esco/skill/db8a9ba7-96ad-4c53-b552-d4f1570dfefb,knowledge,http://data.europa.eu/esco/skill/db8a9ba7-96ad-4c53-b552-d4f1570dfefb,pathology,fuzzy_review:pathology,56.25,0.0,45.0,pending,Fuzzy candidate only. Do not merge without manual review.
O*NET Database,O*NET Database|onet_knowledge|2.C.7.e,knowledge,2.C.7.e,Philosophy and Theology,ESCO,ESCO|esco_skills|http://data.europa.eu/esco/skill/61bef658-d7f9-4759-b1b0-0f9cb3bc581a,knowledge,http://data.europa.eu/esco/skill/61bef658-d7f9-4759-b1b0-0f9cb3bc581a,biotechnology,fuzzy_review:bio-technology,54.05,2.94,43.83,pending,Fuzzy candidate only. Do not merge without manual review.
O*NET Database,O*NET Database|onet_knowledge|2.C.4.b,knowledge,2.C.4.b,Physics,ESCO,ESCO|esco_skills|http://data.europa.eu/esco/skill/82fc3feb-752b-4d49-803d-c08a717917aa,knowledge,http://data.europa.eu/esco/skill/82fc3feb-752b-4d49-803d-c08a717917aa,geophysics,fuzzy_review:geophysics,82.35,2.33,66.35,pending,Fuzzy candidate only. Do not merge without manual review.
O*NET Database,O*NET Database|onet_knowledge|2.C.4.b,knowledge,2.C.4.b,Physics,ESCO,ESCO|esco_skills|http://data.europa.eu/esco/skill/af5e7f45-325f-4424-8724-5692d62caada,knowledge,http://data.europa.eu/esco/skill/af5e7f45-325f-4424-8724-5692d62caada,physical medicine,fuzzy_review:physiatry,62.5,5.41,51.08,pending,Fuzzy candidate only. Do not merge without manual review.
O*NET Database,O*NET Database|onet_knowledge|2.C.4.b,knowledge,2.C.4.b,Physics,ESCO,ESCO|esco_skills|http://data.europa.eu/esco/skill/cef5c0f8-1e40-4c09-b6a7-aa7811849e5d,knowledge,http://data.europa.eu/esco/skill/cef5c0f8-1e40-4c09-b6a7-aa7811849e5d,ethics,fuzzy_review:ethics,61.54,0.0,49.23,pending,Fuzzy candidate only. Do not merge without manual review.
O*NET Database,O*NET Database|onet_knowledge|2.C.2.a,knowledge,2.C.2.a,Production and Processing,ESCO,ESCO|esco_skills|http://data.europa.eu/esco/skill/12c7b323-d870-4f5b-9d7d-d9f525206d77,knowledge,http://data.europa.eu/esco/skill/12c7b323-d870-4f5b-9d7d-d9f525206d77,production processes,fuzzy_review:production process,83.72,23.53,71.68,pending,Fuzzy candidate only. Do not merge without manual review.
O*NET Database,O*NET Database|onet_knowledge|2.C.2.a,knowledge,2.C.2.a,Production and Processing,ESCO,ESCO|esco_skills|http://data.europa.eu/esco/skill/6078e099-7696-44a5-b3c1-452b9abe886a,knowledge,http://data.europa.eu/esco/skill/6078e099-7696-44a5-b3c1-452b9abe886a,production engineering,fuzzy_review:production process engineering,76.36,3.57,61.8,pending,Fuzzy candidate only. Do not merge without manual review.
O*NET Database,O*NET Database|onet_knowledge|2.C.2.a,knowledge,2.C.2.a,Production and Processing,ESCO,ESCO|esco_skills|http://data.europa.eu/esco/skill/493b20c2-c435-449a-896e-0af057c41fef,knowledge,http://data.europa.eu/esco/skill/493b20c2-c435-449a-896e-0af057c41fef,film production process,fuzzy_review:film production process,75.0,0.0,60.0,pending,Fuzzy candidate only. Do not merge without manual review.
O*NET Database,O*NET Database|onet_knowledge|2.C.4.e,knowledge,2.C.4.e,Psychology,ESCO,ESCO|esco_skills|http://data.europa.eu/esco/skill/e40d5ab6-957c-414f-9a6f-5e4c6208420f,knowledge,http://data.europa.eu/esco/skill/e40d5ab6-957c-414f-9a6f-5e4c6208420f,neuropsychology,fuzzy_review:neuropsychology,80.0,7.14,65.43,pending,Fuzzy candidate only. Do not merge without manual review.
O*NET Database,O*NET Database|onet_knowledge|2.C.4.e,knowledge,2.C.4.e,Psychology,ESCO,ESCO|esco_skills|http://data.europa.eu/esco/skill/8881a9c2-bd07-4954-bf27-c1f8acca9af0,knowledge,http://data.europa.eu/esco/skill/8881a9c2-bd07-4954-bf27-c1f8acca9af0,sociology,fuzzy_review:sociology,73.68,3.23,59.59,pending,Fuzzy candidate only. Do not merge without manual review.
O*NET Database,O*NET Database|onet_knowledge|2.C.4.e,knowledge,2.C.4.e,Psychology,ESCO,ESCO|esco_skills|http://data.europa.eu/esco/skill/db8a9ba7-96ad-4c53-b552-d4f1570dfefb,knowledge,http://data.europa.eu/esco/skill/db8a9ba7-96ad-4c53-b552-d4f1570dfefb,pathology,fuzzy_review:pathology,73.68,0.0,58.94,pending,Fuzzy candidate only. Do not merge without manual review.
O*NET Database,O*NET Database|onet_knowledge|2.C.8.a,knowledge,2.C.8.a,Public Safety and Security,ESCO,ESCO|esco_skills|http://data.europa.eu/esco/skill/8088750d-8388-4170-a76f-48354c469c44,knowledge,http://data.europa.eu/esco/skill/8088750d-8388-4170-a76f-48354c469c44,cyber security,fuzzy_review:ICT security,63.16,2.7,51.07,pending,Fuzzy candidate only. Do not merge without manual review.
O*NET Database,O*NET Database|onet_knowledge|2.C.8.a,knowledge,2.C.8.a,Public Safety and Security,ESCO,ESCO|esco_skills|http://data.europa.eu/esco/skill/1c2978b8-bb0d-4249-9c23-877571a4dffa,knowledge,http://data.europa.eu/esco/skill/1c2978b8-bb0d-4249-9c23-877571a4dffa,cloud security and compliance,fuzzy_review:cloud security,55.0,3.33,44.67,pending,Fuzzy candidate only. Do not merge without manual review.
O*NET Database,O*NET Database|onet_knowledge|2.C.8.a,knowledge,2.C.8.a,Public Safety and Security,ESCO,ESCO|esco_skills|http://data.europa.eu/esco/skill/902fb91c-3113-4004-9b4f-79aa86b638b7,knowledge,http://data.europa.eu/esco/skill/902fb91c-3113-4004-9b4f-79aa86b638b7,web application security threats,fuzzy_review:web application security threats,55.17,0.0,44.14,pending,Fuzzy candidate only. Do not merge without manual review.
O*NET Database,O*NET Database|onet_knowledge|2.C.1.d,knowledge,2.C.1.d,Sales and Marketing,ESCO,ESCO|esco_skills|http://data.europa.eu/esco/skill/ef069fe6-305b-4452-8f7d-0c572e98effc,knowledge,http://data.europa.eu/esco/skill/ef069fe6-305b-4452-8f7d-0c572e98effc,mobile marketing,fuzzy_review:wireless marketing,70.27,7.5,57.72,pending,Fuzzy candidate only. Do not merge without manual review.
O*NET Database,O*NET Database|onet_knowledge|2.C.1.d,knowledge,2.C.1.d,Sales and Marketing,ESCO,ESCO|esco_skills|http://data.europa.eu/esco/skill/49d81d86-e748-4181-84e9-106173058081,knowledge,http://data.europa.eu/esco/skill/49d81d86-e748-4181-84e9-106173058081,services marketing,fuzzy_review:services marketing,70.27,2.94,56.8,pending,Fuzzy candidate only. Do not merge without manual review.
O*NET Database,O*NET Database|onet_knowledge|2.C.1.d,knowledge,2.C.1.d,Sales and Marketing,ESCO,ESCO|esco_skills|http://data.europa.eu/esco/skill/de03f4fd-c147-4477-a048-7109e5ba2d6f,knowledge,http://data.europa.eu/esco/skill/de03f4fd-c147-4477-a048-7109e5ba2d6f,marketing principles,fuzzy_review:principles of marketing,66.67,10.34,55.4,pending,Fuzzy candidate only. Do not merge without manual review.
O*NET Database,O*NET Database|onet_knowledge|2.C.4.f,knowledge,2.C.4.f,Sociology and Anthropology,ESCO,ESCO|esco_skills|http://data.europa.eu/esco/skill/8881a9c2-bd07-4954-bf27-c1f8acca9af0,knowledge,http://data.europa.eu/esco/skill/8881a9c2-bd07-4954-bf27-c1f8acca9af0,sociology,fuzzy_review:sociology,51.43,80.0,57.14,pending,Fuzzy candidate only. Do not merge without manual review.
O*NET Database,O*NET Database|onet_knowledge|2.C.4.f,knowledge,2.C.4.f,Sociology and Anthropology,ESCO,ESCO|esco_skills|http://data.europa.eu/esco/skill/9ec4252d-cbe8-4134-88fa-549dee1883f3,knowledge,http://data.europa.eu/esco/skill/9ec4252d-cbe8-4134-88fa-549dee1883f3,human anatomy,fuzzy_review:human anthropotomy,59.09,2.94,47.86,pending,Fuzzy candidate only. Do not merge without manual review.
O*NET Database,O*NET Database|onet_knowledge|2.C.4.f,knowledge,2.C.4.f,Sociology and Anthropology,ESCO,ESCO|esco_skills|http://data.europa.eu/esco/skill/f4a6e9f7-5cff-46c0-894c-59c20bb78694,knowledge,http://data.europa.eu/esco/skill/f4a6e9f7-5cff-46c0-894c-59c20bb78694,automation technology,fuzzy_review:technology of control systems,50.91,0.0,40.73,pending,Fuzzy candidate only. Do not merge without manual review.
O*NET Database,O*NET Database|onet_knowledge|2.C.9.a,knowledge,2.C.9.a,Telecommunications,ESCO,ESCO|esco_skills|http://data.europa.eu/esco/skill/b17f4305-741a-4a1c-8fe8-6f11cb3d5c0a,knowledge,http://data.europa.eu/esco/skill/b17f4305-741a-4a1c-8fe8-6f11cb3d5c0a,business communication,fuzzy_review:business communication,70.0,0.0,56.0,pending,Fuzzy candidate only. Do not merge without manual review.
O*NET Database,O*NET Database|onet_knowledge|2.C.9.a,knowledge,2.C.9.a,Telecommunications,ESCO,ESCO|esco_skills|http://data.europa.eu/esco/skill/c8ac1986-38fa-43b2-89dc-50a4beeb420e,knowledge,http://data.europa.eu/esco/skill/c8ac1986-38fa-43b2-89dc-50a4beeb420e,electricity,fuzzy_review:electrification,66.67,0.0,53.34,pending,Fuzzy candidate only. Do not merge without manual review.
O*NET Database,O*NET Database|onet_knowledge|2.C.9.a,knowledge,2.C.9.a,Telecommunications,ESCO,ESCO|esco_skills|http://data.europa.eu/esco/skill/6e4f75b4-c60f-4623-a9ba-760c8245753b,knowledge,http://data.europa.eu/esco/skill/6e4f75b4-c60f-4623-a9ba-760c8245753b,ICT communications protocols,fuzzy_review:IT communications protocols,66.67,0.0,53.34,pending,Fuzzy candidate only. Do not merge without manual review.
O*NET Database,O*NET Database|onet_knowledge|2.C.5.b,knowledge,2.C.5.b,Therapy and Counseling,ESCO,ESCO|esco_skills|http://data.europa.eu/esco/skill/2abb7341-11a9-4799-9aef-7f2a83de0358,knowledge,http://data.europa.eu/esco/skill/2abb7341-11a9-4799-9aef-7f2a83de0358,theory of constraints,fuzzy_review:theory of constraints,60.47,0.0,48.38,pending,Fuzzy candidate only. Do not merge without manual review.
O*NET Database,O*NET Database|onet_knowledge|2.C.5.b,knowledge,2.C.5.b,Therapy and Counseling,ESCO,ESCO|esco_skills|http://data.europa.eu/esco/skill/8b3aefd2-5021-418f-b069-828fb7abc598,knowledge,http://data.europa.eu/esco/skill/8b3aefd2-5021-418f-b069-828fb7abc598,nursing principles,fuzzy_review:theories and concepts of nursing,59.26,0.0,47.41,pending,Fuzzy candidate only. Do not merge without manual review.
O*NET Database,O*NET Database|onet_knowledge|2.C.5.b,knowledge,2.C.5.b,Therapy and Counseling,ESCO,ESCO|esco_skills|http://data.europa.eu/esco/skill/7f18039d-dfae-471b-9daa-507f6b2d2842,knowledge,http://data.europa.eu/esco/skill/7f18039d-dfae-471b-9daa-507f6b2d2842,urban planning,fuzzy_review:land use planning,56.41,0.0,45.13,pending,Fuzzy candidate only. Do not merge without manual review.
O*NET Database,O*NET Database|onet_knowledge|2.C.10,knowledge,2.C.10,Transportation,ESCO,ESCO|esco_skills|http://data.europa.eu/esco/skill/e843973c-23dd-416a-8a9c-9e89512542fb,knowledge,http://data.europa.eu/esco/skill/e843973c-23dd-416a-8a9c-9e89512542fb,logistics,fuzzy_review:transport,78.26,0.0,62.61,pending,Fuzzy candidate only. Do not merge without manual review.
O*NET Database,O*NET Database|onet_knowledge|2.C.10,knowledge,2.C.10,Transportation,ESCO,ESCO|esco_skills|http://data.europa.eu/esco/skill/ec410a76-f890-4012-8863-b82f2c75527c,knowledge,http://data.europa.eu/esco/skill/ec410a76-f890-4012-8863-b82f2c75527c,transportation engineering,fuzzy_review:transportation engineering,70.0,6.45,57.29,pending,Fuzzy candidate only. Do not merge without manual review.
O*NET Database,O*NET Database|onet_knowledge|2.C.10,knowledge,2.C.10,Transportation,ESCO,ESCO|esco_skills|http://data.europa.eu/esco/skill/7482a123-e801-48de-9733-262125671410,knowledge,http://data.europa.eu/esco/skill/7482a123-e801-48de-9733-262125671410,task algorithmisation,fuzzy_review:task algorithmisation,62.86,0.0,50.29,pending,Fuzzy candidate only. Do not merge without manual review.
O*NET Database,O*NET Database|onet_essential_skills|2.A.2.b,skill,2.A.2.b,Active Learning,ESCO,ESCO|esco_skills|http://data.europa.eu/esco/skill/a17286c5-238d-4f0b-bc24-29e9121345de,skill,http://data.europa.eu/esco/skill/a17286c5-238d-4f0b-bc24-29e9121345de,listen actively,fuzzy_review:active listening,83.87,0.0,67.1,pending,Fuzzy candidate only. Do not merge without manual review.
O*NET Database,O*NET Database|onet_essential_skills|2.A.2.b,skill,2.A.2.b,Active Learning,ESCO,ESCO|esco_skills|http://data.europa.eu/esco/skill/8369c2d6-c100-4cf6-bd83-9668d8678433,skill,http://data.europa.eu/esco/skill/8369c2d6-c100-4cf6-bd83-9668d8678433,utilise machine learning,fuzzy_review:use machine learning,74.29,0.0,59.43,pending,Fuzzy candidate only. Do not merge without manual review.
O*NET Database,O*NET Database|onet_essential_skills|2.A.2.b,skill,2.A.2.b,Active Learning,ESCO,ESCO|esco_skills|http://data.europa.eu/esco/skill/36931cb7-ca3f-4be1-8428-f38eefc8e1ed,skill,http://data.europa.eu/esco/skill/36931cb7-ca3f-4be1-8428-f38eefc8e1ed,execute email marketing,fuzzy_review:achieve email marketing,63.16,0.0,50.53,pending,Fuzzy candidate only. Do not merge without manual review.
O*NET Database,O*NET Database|onet_essential_skills|2.A.1.b,skill,2.A.1.b,Active Listening,ESCO,ESCO|esco_skills|http://data.europa.eu/esco/skill/8369c2d6-c100-4cf6-bd83-9668d8678433,skill,http://data.europa.eu/esco/skill/8369c2d6-c100-4cf6-bd83-9668d8678433,utilise machine learning,fuzzy_review:use machine learning,61.11,2.17,49.32,pending,Fuzzy candidate only. Do not merge without manual review.
O*NET Database,O*NET Database|onet_essential_skills|2.A.1.b,skill,2.A.1.b,Active Listening,ESCO,ESCO|esco_skills|http://data.europa.eu/esco/skill/0e44ceb3-9dd4-4ec4-b1d7-a0e83ddba7d4,skill,http://data.europa.eu/esco/skill/0e44ceb3-9dd4-4ec4-b1d7-a0e83ddba7d4,automotive engineering,fuzzy_review:automotive engineering,57.89,0.0,46.31,pending,Fuzzy candidate only. Do not merge without manual review.
O*NET Database,O*NET Database|onet_essential_skills|2.A.1.b,skill,2.A.1.b,Active Listening,ESCO,ESCO|esco_skills|http://data.europa.eu/esco/skill/c55caed2-de9e-4a25-819e-a0b0e83fba1b,skill,http://data.europa.eu/esco/skill/c55caed2-de9e-4a25-819e-a0b0e83fba1b,give live presentation,fuzzy_review:give live presentation,57.89,0.0,46.31,pending,Fuzzy candidate only. Do not merge without manual review.
O*NET Database,O*NET Database|onet_transferable_skills|2.B.2.i,skill,2.B.2.i,Complex Problem Solving,ESCO,ESCO|esco_skills|http://data.europa.eu/esco/skill/744442ac-c157-4350-8be0-ce454df4f5c5,skill,http://data.europa.eu/esco/skill/744442ac-c157-4350-8be0-ce454df4f5c5,perform ICT troubleshooting,fuzzy_review:complete ICT troubleshooting,66.67,4.35,54.21,pending,Fuzzy candidate only. Do not merge without manual review.
O*NET Database,O*NET Database|onet_transferable_skills|2.B.2.i,skill,2.B.2.i,Complex Problem Solving,ESCO,ESCO|esco_skills|http://data.europa.eu/esco/skill/87a708d8-a14d-42ce-8f03-c8a199f999d5,skill,http://data.europa.eu/esco/skill/87a708d8-a14d-42ce-8f03-c8a199f999d5,use clinical reasoning,fuzzy_review:use problem solving in healthcare,60.71,0.0,48.57,pending,Fuzzy candidate only. Do not merge without manual review.
O*NET Database,O*NET Database|onet_transferable_skills|2.B.2.i,skill,2.B.2.i,Complex Problem Solving,ESCO,ESCO|esco_skills|http://data.europa.eu/esco/skill/7d092d81-d1e2-4c34-b3cb-c1c9f2e68b7d,skill,http://data.europa.eu/esco/skill/7d092d81-d1e2-4c34-b3cb-c1c9f2e68b7d,finish project within budget,fuzzy_review:complete project within budget,56.6,0.0,45.28,pending,Fuzzy candidate only. Do not merge without manual review.
O*NET Database,O*NET Database|onet_transferable_skills|2.B.1.b,skill,2.B.1.b,Coordination,ESCO,ESCO|esco_skills|http://data.europa.eu/esco/skill/71480db1-a706-47f9-952f-bdc5036e3df3,skill,http://data.europa.eu/esco/skill/71480db1-a706-47f9-952f-bdc5036e3df3,coordinate care,fuzzy_review:coordinate care,66.67,0.0,53.34,pending,Fuzzy candidate only. Do not merge without manual review.
O*NET Database,O*NET Database|onet_transferable_skills|2.B.1.b,skill,2.B.1.b,Coordination,ESCO,ESCO|esco_skills|http://data.europa.eu/esco/skill/3a0f10bd-4c3f-4020-b29c-f03cfe6d6e5b,skill,http://data.europa.eu/esco/skill/3a0f10bd-4c3f-4020-b29c-f03cfe6d6e5b,coordinate transportation,fuzzy_review:coordinate transportation,64.86,0.0,51.89,pending,Fuzzy candidate only. Do not merge without manual review.
O*NET Database,O*NET Database|onet_transferable_skills|2.B.1.b,skill,2.B.1.b,Coordination,ESCO,ESCO|esco_skills|http://data.europa.eu/esco/skill/feceacee-d425-4e73-821a-02dfb85084db,skill,http://data.europa.eu/esco/skill/feceacee-d425-4e73-821a-02dfb85084db,control production,fuzzy_review:control production,60.0,0.0,48.0,pending,Fuzzy candidate only. Do not merge without manual review.
O*NET Database,O*NET Database|onet_essential_skills|2.A.2.a,skill,2.A.2.a,Critical Thinking,ESCO,ESCO|esco_skills|http://data.europa.eu/esco/skill/87a708d8-a14d-42ce-8f03-c8a199f999d5,skill,http://data.europa.eu/esco/skill/87a708d8-a14d-42ce-8f03-c8a199f999d5,use clinical reasoning,fuzzy_review:use critical thinking in healthcare,65.38,0.0,52.3,pending,Fuzzy candidate only. Do not merge without manual review.
O*NET Database,O*NET Database|onet_essential_skills|2.A.2.a,skill,2.A.2.a,Critical Thinking,ESCO,ESCO|esco_skills|http://data.europa.eu/esco/skill/6c870993-9341-438b-91c0-c7fe4f96d8f5,skill,http://data.europa.eu/esco/skill/6c870993-9341-438b-91c0-c7fe4f96d8f5,apply strategic thinking,fuzzy_review:apply strategic thinking,63.41,0.0,50.73,pending,Fuzzy candidate only. Do not merge without manual review.
O*NET Database,O*NET Database|onet_essential_skills|2.A.2.a,skill,2.A.2.a,Critical Thinking,ESCO,ESCO|esco_skills|http://data.europa.eu/esco/skill/05010f6c-0b40-4525-ac4a-057d46a2b6f4,skill,http://data.europa.eu/esco/skill/05010f6c-0b40-4525-ac4a-057d46a2b6f4,design electrical systems,fuzzy_review:electrical system designing,59.09,3.03,47.88,pending,Fuzzy candidate only. Do not merge without manual review.
O*NET Database,O*NET Database|onet_transferable_skills|2.B.3.j,skill,2.B.3.j,Equipment Maintenance,ESCO,ESCO|esco_skills|http://data.europa.eu/esco/skill/7341904f-5913-470c-8c53-bc832df248ec,skill,http://data.europa.eu/esco/skill/7341904f-5913-470c-8c53-bc832df248ec,maintain robotic equipment,fuzzy_review:robotic equipment maintaining,68.0,9.68,56.34,pending,Fuzzy candidate only. Do not merge without manual review.
O*NET Database,O*NET Database|onet_transferable_skills|2.B.3.j,skill,2.B.3.j,Equipment Maintenance,ESCO,ESCO|esco_skills|http://data.europa.eu/esco/skill/e1f09038-b493-4771-ae29-a2d3e7ea013a,skill,http://data.europa.eu/esco/skill/e1f09038-b493-4771-ae29-a2d3e7ea013a,document interviews,fuzzy_review:document interview,56.41,0.0,45.13,pending,Fuzzy candidate only. Do not merge without manual review.
O*NET Database,O*NET Database|onet_transferable_skills|2.B.3.j,skill,2.B.3.j,Equipment Maintenance,ESCO,ESCO|esco_skills|http://data.europa.eu/esco/skill/94747ff4-603d-47d4-9780-bf53be41e190,skill,http://data.europa.eu/esco/skill/94747ff4-603d-47d4-9780-bf53be41e190,inspect industrial equipment,fuzzy_review:industrial equipment inspecting,53.85,4.0,43.88,pending,Fuzzy candidate only. Do not merge without manual review.
O*NET Database,O*NET Database|onet_transferable_skills|2.B.3.c,skill,2.B.3.c,Equipment Selection,ESCO,ESCO|esco_skills|http://data.europa.eu/esco/skill/94747ff4-603d-47d4-9780-bf53be41e190,skill,http://data.europa.eu/esco/skill/94747ff4-603d-47d4-9780-bf53be41e190,inspect industrial equipment,fuzzy_review:industrial equipment inspecting,64.0,4.35,52.07,pending,Fuzzy candidate only. Do not merge without manual review.
O*NET Database,O*NET Database|onet_transferable_skills|2.B.3.c,skill,2.B.3.c,Equipment Selection,ESCO,ESCO|esco_skills|http://data.europa.eu/esco/skill/acc74047-f59f-4935-afc0-45ec43b9b57a,skill,http://data.europa.eu/esco/skill/acc74047-f59f-4935-afc0-45ec43b9b57a,define part requirements,fuzzy_review:element specifications,63.41,0.0,50.73,pending,Fuzzy candidate only. Do not merge without manual review.
O*NET Database,O*NET Database|onet_transferable_skills|2.B.3.c,skill,2.B.3.c,Equipment Selection,ESCO,ESCO|esco_skills|http://data.europa.eu/esco/skill/3e2ab38a-4519-4bef-b762-a8bf4836a775,skill,http://data.europa.eu/esco/skill/3e2ab38a-4519-4bef-b762-a8bf4836a775,perform dimensionality reduction,fuzzy_review:data feature selection,63.41,0.0,50.73,pending,Fuzzy candidate only. Do not merge without manual review.
O*NET Database,O*NET Database|onet_transferable_skills|2.B.3.d,skill,2.B.3.d,Installation,ESCO,ESCO|esco_skills|http://data.europa.eu/esco/skill/c330db31-7fa9-4a8c-8ad6-baa957bcfed1,skill,http://data.europa.eu/esco/skill/c330db31-7fa9-4a8c-8ad6-baa957bcfed1,install operating system,fuzzy_review:install OS,72.73,2.86,58.76,pending,Fuzzy candidate only. Do not merge without manual review.
O*NET Database,O*NET Database|onet_transferable_skills|2.B.3.d,skill,2.B.3.d,Installation,ESCO,ESCO|esco_skills|http://data.europa.eu/esco/skill/acf0a78c-f4e3-4bd9-a5cc-9cf4791b3b95,skill,http://data.europa.eu/esco/skill/acf0a78c-f4e3-4bd9-a5cc-9cf4791b3b95,implement a virtual private network,fuzzy_review:install a VPN,72.0,0.0,57.6,pending,Fuzzy candidate only. Do not merge without manual review.
O*NET Database,O*NET Database|onet_transferable_skills|2.B.3.d,skill,2.B.3.d,Installation,ESCO,ESCO|esco_skills|http://data.europa.eu/esco/skill/e5b5053e-0ef6-4c4e-a3f2-42f955f4322c,skill,http://data.europa.eu/esco/skill/e5b5053e-0ef6-4c4e-a3f2-42f955f4322c,implement a firewall,fuzzy_review:install a firewall,60.0,0.0,48.0,pending,Fuzzy candidate only. Do not merge without manual review.
O*NET Database,O*NET Database|onet_transferable_skills|2.B.1.e,skill,2.B.1.e,Instructing,ESCO,ESCO|esco_skills|http://data.europa.eu/esco/skill/f0006418-17ee-4c38-af75-f5e1e35de64c,skill,http://data.europa.eu/esco/skill/f0006418-17ee-4c38-af75-f5e1e35de64c,build machines,fuzzy_review:construct machines,62.07,0.0,49.66,pending,Fuzzy candidate only. Do not merge without manual review.
O*NET Database,O*NET Database|onet_transferable_skills|2.B.1.e,skill,2.B.1.e,Instructing,ESCO,ESCO|esco_skills|http://data.europa.eu/esco/skill/a571ae14-3e16-4fd3-a615-5646e0b0b696,skill,http://data.europa.eu/esco/skill/a571ae14-3e16-4fd3-a615-5646e0b0b696,inspect data,fuzzy_review:inspecting data,61.54,0.0,49.23,pending,Fuzzy candidate only. Do not merge without manual review.
O*NET Database,O*NET Database|onet_transferable_skills|2.B.1.e,skill,2.B.1.e,Instructing,ESCO,ESCO|esco_skills|http://data.europa.eu/esco/skill/db3c8181-31b4-4950-bf0b-de01f93c372b,skill,http://data.europa.eu/esco/skill/db3c8181-31b4-4950-bf0b-de01f93c372b,disassemble engines,fuzzy_review:deconstruct engines,60.0,0.0,48.0,pending,Fuzzy candidate only. Do not merge without manual review.
O*NET Database,O*NET Database|onet_transferable_skills|2.B.4.e,skill,2.B.4.e,Judgment and Decision Making,ESCO,ESCO|esco_skills|http://data.europa.eu/esco/skill/8e0bfbba-6e9d-48e0-b152-2cc949e5022a,skill,http://data.europa.eu/esco/skill/8e0bfbba-6e9d-48e0-b152-2cc949e5022a,implement scientific decision making in healthcare,fuzzy_review:implement scientific decision-making,68.75,7.14,56.43,pending,Fuzzy candidate only. Do not merge without manual review.
O*NET Database,O*NET Database|onet_transferable_skills|2.B.4.e,skill,2.B.4.e,Judgment and Decision Making,ESCO,ESCO|esco_skills|http://data.europa.eu/esco/skill/6195c5f7-a4fb-425d-a3dd-c4467c4471a3,skill,http://data.europa.eu/esco/skill/6195c5f7-a4fb-425d-a3dd-c4467c4471a3,deploy cloud resource,fuzzy_review:deployment and provisioning,65.45,0.0,52.36,pending,Fuzzy candidate only. Do not merge without manual review.
O*NET Database,O*NET Database|onet_transferable_skills|2.B.4.e,skill,2.B.4.e,Judgment and Decision Making,ESCO,ESCO|esco_skills|http://data.europa.eu/esco/skill/87a708d8-a14d-42ce-8f03-c8a199f999d5,skill,http://data.europa.eu/esco/skill/87a708d8-a14d-42ce-8f03-c8a199f999d5,use clinical reasoning,fuzzy_review:utilise healthcare decision making,64.52,0.0,51.62,pending,Fuzzy candidate only. Do not merge without manual review.
O*NET Database,O*NET Database|onet_essential_skills|2.A.2.c,skill,2.A.2.c,Learning Strategies,ESCO,ESCO|esco_skills|http://data.europa.eu/esco/skill/13e2378e-0d10-450d-843a-b3592575826e,skill,http://data.europa.eu/esco/skill/13e2378e-0d10-450d-843a-b3592575826e,implement marketing strategies,fuzzy_review:utilise marketing strategies,76.6,4.17,62.11,pending,Fuzzy candidate only. Do not merge without manual review.
O*NET Database,O*NET Database|onet_essential_skills|2.A.2.c,skill,2.A.2.c,Learning Strategies,ESCO,ESCO|esco_skills|http://data.europa.eu/esco/skill/08fd2839-670c-4f16-8024-97437f2035ab,skill,http://data.europa.eu/esco/skill/08fd2839-670c-4f16-8024-97437f2035ab,plan marketing strategy,fuzzy_review:plan marketing strategies,77.27,0.0,61.82,pending,Fuzzy candidate only. Do not merge without manual review.
O*NET Database,O*NET Database|onet_essential_skills|2.A.2.c,skill,2.A.2.c,Learning Strategies,ESCO,ESCO|esco_skills|http://data.europa.eu/esco/skill/96d549bb-3e62-4c45-92a7-f114df089581,skill,http://data.europa.eu/esco/skill/96d549bb-3e62-4c45-92a7-f114df089581,analyse supply chain strategies,fuzzy_review:analyse supply chain strategies,64.0,0.0,51.2,pending,Fuzzy candidate only. Do not merge without manual review.
O*NET Database,O*NET Database|onet_transferable_skills|2.B.5.b,skill,2.B.5.b,Management of Financial Resources,ESCO,ESCO|esco_skills|http://data.europa.eu/esco/skill/3e28860e-f520-461d-8282-a32264c4f4a1,skill,http://data.europa.eu/esco/skill/3e28860e-f520-461d-8282-a32264c4f4a1,manage revenue,fuzzy_review:management of revenue,66.67,0.0,53.34,pending,Fuzzy candidate only. Do not merge without manual review.
O*NET Database,O*NET Database|onet_transferable_skills|2.B.5.b,skill,2.B.5.b,Management of Financial Resources,ESCO,ESCO|esco_skills|http://data.europa.eu/esco/skill/292549e6-08ec-456c-b008-eba7a0a68428,skill,http://data.europa.eu/esco/skill/292549e6-08ec-456c-b008-eba7a0a68428,analyse market financial trends,fuzzy_review:analyse market financial trends,65.62,0.0,52.5,pending,Fuzzy candidate only. Do not merge without manual review.
O*NET Database,O*NET Database|onet_transferable_skills|2.B.5.b,skill,2.B.5.b,Management of Financial Resources,ESCO,ESCO|esco_skills|http://data.europa.eu/esco/skill/2ac4b20b-bf0f-44e4-910e-090de3d4bbab,skill,http://data.europa.eu/esco/skill/2ac4b20b-bf0f-44e4-910e-090de3d4bbab,manage engine-room resources,fuzzy_review:manage engine-room resources,65.57,0.0,52.46,pending,Fuzzy candidate only. Do not merge without manual review.
O*NET Database,O*NET Database|onet_transferable_skills|2.B.5.c,skill,2.B.5.c,Management of Material Resources,ESCO,ESCO|esco_skills|http://data.europa.eu/esco/skill/2ac4b20b-bf0f-44e4-910e-090de3d4bbab,skill,http://data.europa.eu/esco/skill/2ac4b20b-bf0f-44e4-910e-090de3d4bbab,manage engine-room resources,fuzzy_review:manage engine-room resources,70.0,0.0,56.0,pending,Fuzzy candidate only. Do not merge without manual review.
O*NET Database,O*NET Database|onet_transferable_skills|2.B.5.c,skill,2.B.5.c,Management of Material Resources,ESCO,ESCO|esco_skills|http://data.europa.eu/esco/skill/3e28860e-f520-461d-8282-a32264c4f4a1,skill,http://data.europa.eu/esco/skill/3e28860e-f520-461d-8282-a32264c4f4a1,manage revenue,fuzzy_review:management of revenue,67.92,0.0,54.34,pending,Fuzzy candidate only. Do not merge without manual review.
O*NET Database,O*NET Database|onet_transferable_skills|2.B.5.c,skill,2.B.5.c,Management of Material Resources,ESCO,ESCO|esco_skills|http://data.europa.eu/esco/skill/d2c81ad1-2439-43cf-9c63-204187b8f771,skill,http://data.europa.eu/esco/skill/d2c81ad1-2439-43cf-9c63-204187b8f771,mitigate waste of resources,fuzzy_review:effective use of waste resources,62.5,4.55,50.91,pending,Fuzzy candidate only. Do not merge without manual review.
O*NET Database,O*NET Database|onet_transferable_skills|2.B.5.d,skill,2.B.5.d,Management of Personnel Resources,ESCO,ESCO|esco_skills|http://data.europa.eu/esco/skill/3e28860e-f520-461d-8282-a32264c4f4a1,skill,http://data.europa.eu/esco/skill/3e28860e-f520-461d-8282-a32264c4f4a1,manage revenue,fuzzy_review:management of revenue,66.67,0.0,53.34,pending,Fuzzy candidate only. Do not merge without manual review.
O*NET Database,O*NET Database|onet_transferable_skills|2.B.5.d,skill,2.B.5.d,Management of Personnel Resources,ESCO,ESCO|esco_skills|http://data.europa.eu/esco/skill/2ac4b20b-bf0f-44e4-910e-090de3d4bbab,skill,http://data.europa.eu/esco/skill/2ac4b20b-bf0f-44e4-910e-090de3d4bbab,manage engine-room resources,fuzzy_review:manage engine-room resources,65.57,0.0,52.46,pending,Fuzzy candidate only. Do not merge without manual review.
O*NET Database,O*NET Database|onet_transferable_skills|2.B.5.d,skill,2.B.5.d,Management of Personnel Resources,ESCO,ESCO|esco_skills|http://data.europa.eu/esco/skill/3ee090a1-9d1c-44ed-bd93-f6b7c9b68a97,skill,http://data.europa.eu/esco/skill/3ee090a1-9d1c-44ed-bd93-f6b7c9b68a97,manage payroll reports,fuzzy_review:manage payroll report,59.26,0.0,47.41,pending,Fuzzy candidate only. Do not merge without manual review.
O*NET Database,O*NET Database|onet_essential_skills|2.A.1.e,skill,2.A.1.e,Mathematics,ESCO,ESCO|esco_skills|http://data.europa.eu/esco/skill/e54dc9c5-0f7f-4503-9776-efff47902602,skill,http://data.europa.eu/esco/skill/e54dc9c5-0f7f-4503-9776-efff47902602,use techniques to increase patients' motivation,fuzzy_review:motivate patients,57.14,5.0,46.71,pending,Fuzzy candidate only. Do not merge without manual review.
O*NET Database,O*NET Database|onet_essential_skills|2.A.1.e,skill,2.A.1.e,Mathematics,ESCO,ESCO|esco_skills|http://data.europa.eu/esco/skill/953c0b65-537a-42fe-a90b-26cd36c64361,skill,http://data.europa.eu/esco/skill/953c0b65-537a-42fe-a90b-26cd36c64361,manage logistics,fuzzy_review:maintain logistics,55.17,0.0,44.14,pending,Fuzzy candidate only. Do not merge without manual review.
O*NET Database,O*NET Database|onet_essential_skills|2.A.1.e,skill,2.A.1.e,Mathematics,ESCO,ESCO|esco_skills|http://data.europa.eu/esco/skill/0d6714c6-720e-4985-9791-5ab85d28da79,skill,http://data.europa.eu/esco/skill/0d6714c6-720e-4985-9791-5ab85d28da79,gather data,fuzzy_review:gather data,54.55,0.0,43.64,pending,Fuzzy candidate only. Do not merge without manual review.
O*NET Database,O*NET Database|onet_essential_skills|2.A.2.d,skill,2.A.2.d,Monitoring,ESCO,ESCO|esco_skills|http://data.europa.eu/esco/skill/4918ec9a-0204-4935-8b09-b0112370daa8,skill,http://data.europa.eu/esco/skill/4918ec9a-0204-4935-8b09-b0112370daa8,establish an Information Security Management System,fuzzy_review:monitor an ISMS,64.0,0.0,51.2,pending,Fuzzy candidate only. Do not merge without manual review.
O*NET Database,O*NET Database|onet_essential_skills|2.A.2.d,skill,2.A.2.d,Monitoring,ESCO,ESCO|esco_skills|http://data.europa.eu/esco/skill/6fce8d3f-a15f-4f26-943a-d200b32f6949,skill,http://data.europa.eu/esco/skill/6fce8d3f-a15f-4f26-943a-d200b32f6949,monitor company policy,fuzzy_review:company policy monitoring,57.14,5.88,46.89,pending,Fuzzy candidate only. Do not merge without manual review.
O*NET Database,O*NET Database|onet_essential_skills|2.A.2.d,skill,2.A.2.d,Monitoring,ESCO,ESCO|esco_skills|http://data.europa.eu/esco/skill/6c65bbce-15ce-447e-9666-0fe928f5588c,skill,http://data.europa.eu/esco/skill/6c65bbce-15ce-447e-9666-0fe928f5588c,test mechatronic units,fuzzy_review:mechatronic unit monitoring,54.05,7.41,44.72,pending,Fuzzy candidate only. Do not merge without manual review.
O*NET Database,O*NET Database|onet_transferable_skills|2.B.1.d,skill,2.B.1.d,Negotiation,ESCO,ESCO|esco_skills|http://data.europa.eu/esco/skill/59a8086b-59b3-4e88-9341-21d7fb693b89,skill,http://data.europa.eu/esco/skill/59a8086b-59b3-4e88-9341-21d7fb693b89,moderate in negotiations,fuzzy_review:balance negotiations,70.97,0.0,56.78,pending,Fuzzy candidate only. Do not merge without manual review.
O*NET Database,O*NET Database|onet_transferable_skills|2.B.1.d,skill,2.B.1.d,Negotiation,ESCO,ESCO|esco_skills|http://data.europa.eu/esco/skill/a9bf8565-8a09-4118-9922-932d65a79d69,skill,http://data.europa.eu/esco/skill/a9bf8565-8a09-4118-9922-932d65a79d69,manage localisation,fuzzy_review:manage localisation,60.0,0.0,48.0,pending,Fuzzy candidate only. Do not merge without manual review.
O*NET Database,O*NET Database|onet_transferable_skills|2.B.1.d,skill,2.B.1.d,Negotiation,ESCO,ESCO|esco_skills|http://data.europa.eu/esco/skill/234aeb8d-56c3-4531-9193-1c5e6a8d16cb,skill,http://data.europa.eu/esco/skill/234aeb8d-56c3-4531-9193-1c5e6a8d16cb,use presentation software,fuzzy_review:Adobe Ovation,58.33,0.0,46.66,pending,Fuzzy candidate only. Do not merge without manual review.
O*NET Database,O*NET Database|onet_transferable_skills|2.B.3.h,skill,2.B.3.h,Operation and Control,ESCO,ESCO|esco_skills|http://data.europa.eu/esco/skill/b34e2ba1-9080-48c9-9b42-ee9192a4d3f1,skill,http://data.europa.eu/esco/skill/b34e2ba1-9080-48c9-9b42-ee9192a4d3f1,use CAD software,fuzzy_review:operate CAD software,63.41,0.0,50.73,pending,Fuzzy candidate only. Do not merge without manual review.
O*NET Database,O*NET Database|onet_transferable_skills|2.B.3.h,skill,2.B.3.h,Operation and Control,ESCO,ESCO|esco_skills|http://data.europa.eu/esco/skill/658a38bd-6954-4a2a-945c-42330c5d13b9,skill,http://data.europa.eu/esco/skill/658a38bd-6954-4a2a-945c-42330c5d13b9,manage corporate bank accounts,fuzzy_review:manage corporation bank accounts,60.38,0.0,48.3,pending,Fuzzy candidate only. Do not merge without manual review.
O*NET Database,O*NET Database|onet_transferable_skills|2.B.3.h,skill,2.B.3.h,Operation and Control,ESCO,ESCO|esco_skills|http://data.europa.eu/esco/skill/5d34adde-0b78-42b4-9d3d-69e9388d8398,skill,http://data.europa.eu/esco/skill/5d34adde-0b78-42b4-9d3d-69e9388d8398,oversee quality control,fuzzy_review:oversee quality control,59.09,0.0,47.27,pending,Fuzzy candidate only. Do not merge without manual review.
O*NET Database,O*NET Database|onet_transferable_skills|2.B.3.a,skill,2.B.3.a,Operations Analysis,ESCO,ESCO|esco_skills|http://data.europa.eu/esco/skill/9646b1e4-7440-4f78-b025-8f3df225ea1d,skill,http://data.europa.eu/esco/skill/9646b1e4-7440-4f78-b025-8f3df225ea1d,perform occupation analyses,fuzzy_review:do occupation analyses,73.17,0.0,58.54,pending,Fuzzy candidate only. Do not merge without manual review.
O*NET Database,O*NET Database|onet_transferable_skills|2.B.3.a,skill,2.B.3.a,Operations Analysis,ESCO,ESCO|esco_skills|http://data.europa.eu/esco/skill/1dd23dba-dd00-45ab-abf4-642902538317,skill,http://data.europa.eu/esco/skill/1dd23dba-dd00-45ab-abf4-642902538317,perform risk analysis,fuzzy_review:complete risk analysis,73.17,0.0,58.54,pending,Fuzzy candidate only. Do not merge without manual review.
O*NET Database,O*NET Database|onet_transferable_skills|2.B.3.a,skill,2.B.3.a,Operations Analysis,ESCO,ESCO|esco_skills|http://data.europa.eu/esco/skill/27ed854c-15b8-4ba2-90e9-ae888a219703,skill,http://data.europa.eu/esco/skill/27ed854c-15b8-4ba2-90e9-ae888a219703,perform business analysis,fuzzy_review:complete business analysis,71.11,4.55,57.8,pending,Fuzzy candidate only. Do not merge without manual review.
O*NET Database,O*NET Database|onet_transferable_skills|2.B.3.g,skill,2.B.3.g,Operations Monitoring,ESCO,ESCO|esco_skills|http://data.europa.eu/esco/skill/6c65bbce-15ce-447e-9666-0fe928f5588c,skill,http://data.europa.eu/esco/skill/6c65bbce-15ce-447e-9666-0fe928f5588c,test mechatronic units,fuzzy_review:mechatronic units monitoring,69.39,0.0,55.51,pending,Fuzzy candidate only. Do not merge without manual review.
O*NET Database,O*NET Database|onet_transferable_skills|2.B.3.g,skill,2.B.3.g,Operations Monitoring,ESCO,ESCO|esco_skills|http://data.europa.eu/esco/skill/6fce8d3f-a15f-4f26-943a-d200b32f6949,skill,http://data.europa.eu/esco/skill/6fce8d3f-a15f-4f26-943a-d200b32f6949,monitor company policy,fuzzy_review:company policy monitoring,65.22,0.0,52.18,pending,Fuzzy candidate only. Do not merge without manual review.
O*NET Database,O*NET Database|onet_transferable_skills|2.B.3.g,skill,2.B.3.g,Operations Monitoring,ESCO,ESCO|esco_skills|http://data.europa.eu/esco/skill/f774cc69-f0cf-4767-bf13-9b16dc7f7c07,skill,http://data.europa.eu/esco/skill/f774cc69-f0cf-4767-bf13-9b16dc7f7c07,operate ship propulsion system,fuzzy_review:ship propulsion system monitoring,62.96,2.17,50.8,pending,Fuzzy candidate only. Do not merge without manual review.
O*NET Database,O*NET Database|onet_transferable_skills|2.B.1.c,skill,2.B.1.c,Persuasion,ESCO,ESCO|esco_skills|http://data.europa.eu/esco/skill/234aeb8d-56c3-4531-9193-1c5e6a8d16cb,skill,http://data.europa.eu/esco/skill/234aeb8d-56c3-4531-9193-1c5e6a8d16cb,use presentation software,fuzzy_review:Adobe Persuation,69.23,0.0,55.38,pending,Fuzzy candidate only. Do not merge without manual review.
O*NET Database,O*NET Database|onet_transferable_skills|2.B.1.c,skill,2.B.1.c,Persuasion,ESCO,ESCO|esco_skills|http://data.europa.eu/esco/skill/5aa57bdc-5765-435e-8fc9-99b3febdb213,skill,http://data.europa.eu/esco/skill/5aa57bdc-5765-435e-8fc9-99b3febdb213,hire human resources,fuzzy_review:hire a person,52.17,5.56,42.85,pending,Fuzzy candidate only. Do not merge without manual review.
O*NET Database,O*NET Database|onet_transferable_skills|2.B.1.c,skill,2.B.1.c,Persuasion,ESCO,ESCO|esco_skills|http://data.europa.eu/esco/skill/feceacee-d425-4e73-821a-02dfb85084db,skill,http://data.europa.eu/esco/skill/feceacee-d425-4e73-821a-02dfb85084db,control production,fuzzy_review:supervise production,53.33,0.0,42.66,pending,Fuzzy candidate only. Do not merge without manual review.
O*NET Database,O*NET Database|onet_transferable_skills|2.B.3.e,skill,2.B.3.e,Programming,ESCO,ESCO|esco_skills|http://data.europa.eu/esco/skill/cf200547-25b5-47c8-9eda-bca4aedc13fb,skill,http://data.europa.eu/esco/skill/cf200547-25b5-47c8-9eda-bca4aedc13fb,program firmware,fuzzy_review:programming firmware,70.97,0.0,56.78,pending,Fuzzy candidate only. Do not merge without manual review.
O*NET Database,O*NET Database|onet_transferable_skills|2.B.3.e,skill,2.B.3.e,Programming,ESCO,ESCO|esco_skills|http://data.europa.eu/esco/skill/2c4e11ef-da18-4e19-816b-e6bc19e12424,skill,http://data.europa.eu/esco/skill/2c4e11ef-da18-4e19-816b-e6bc19e12424,use logic programming,fuzzy_review:use logic programming,68.75,2.86,55.57,pending,Fuzzy candidate only. Do not merge without manual review.
O*NET Database,O*NET Database|onet_transferable_skills|2.B.3.e,skill,2.B.3.e,Programming,ESCO,ESCO|esco_skills|http://data.europa.eu/esco/skill/c73ea1b8-e121-4f91-b8f0-dee4ee28d6ec,skill,http://data.europa.eu/esco/skill/c73ea1b8-e121-4f91-b8f0-dee4ee28d6ec,plan schedule,fuzzy_review:programme rig work,68.97,0.0,55.18,pending,Fuzzy candidate only. Do not merge without manual review.
O*NET Database,O*NET Database|onet_transferable_skills|2.B.3.m,skill,2.B.3.m,Quality Control Analysis,ESCO,ESCO|esco_skills|http://data.europa.eu/esco/skill/41a3240f-58ba-44e2-a688-edeb21ea5c16,skill,http://data.europa.eu/esco/skill/41a3240f-58ba-44e2-a688-edeb21ea5c16,conduct quality control analysis,fuzzy_review:conduct quality control analysis,85.71,54.55,79.48,pending,Fuzzy candidate only. Do not merge without manual review.
O*NET Database,O*NET Database|onet_transferable_skills|2.B.3.m,skill,2.B.3.m,Quality Control Analysis,ESCO,ESCO|esco_skills|http://data.europa.eu/esco/skill/5d34adde-0b78-42b4-9d3d-69e9388d8398,skill,http://data.europa.eu/esco/skill/5d34adde-0b78-42b4-9d3d-69e9388d8398,oversee quality control,fuzzy_review:oversee quality controls,66.67,8.33,55.0,pending,Fuzzy candidate only. Do not merge without manual review.
O*NET Database,O*NET Database|onet_transferable_skills|2.B.3.m,skill,2.B.3.m,Quality Control Analysis,ESCO,ESCO|esco_skills|http://data.europa.eu/esco/skill/5d26851b-270a-4fbe-abeb-2bfd6eba3e2d,skill,http://data.europa.eu/esco/skill/5d26851b-270a-4fbe-abeb-2bfd6eba3e2d,analyse logistic changes,fuzzy_review:logistic changes analysis,61.22,0.0,48.98,pending,Fuzzy candidate only. Do not merge without manual review.
O*NET Database,O*NET Database|onet_essential_skills|2.A.1.a,skill,2.A.1.a,Reading Comprehension,ESCO,ESCO|esco_skills|http://data.europa.eu/esco/skill/76415d7f-0fde-4364-b45f-5c044580d2aa,skill,http://data.europa.eu/esco/skill/76415d7f-0fde-4364-b45f-5c044580d2aa,create CAD drawings,fuzzy_review:CAD drawing creation,58.54,0.0,46.83,pending,Fuzzy candidate only. Do not merge without manual review.
O*NET Database,O*NET Database|onet_essential_skills|2.A.1.a,skill,2.A.1.a,Reading Comprehension,ESCO,ESCO|esco_skills|http://data.europa.eu/esco/skill/c55caed2-de9e-4a25-819e-a0b0e83fba1b,skill,http://data.europa.eu/esco/skill/c55caed2-de9e-4a25-819e-a0b0e83fba1b,give live presentation,fuzzy_review:arrange live presentation,56.52,5.26,46.27,pending,Fuzzy candidate only. Do not merge without manual review.
O*NET Database,O*NET Database|onet_essential_skills|2.A.1.a,skill,2.A.1.a,Reading Comprehension,ESCO,ESCO|esco_skills|http://data.europa.eu/esco/skill/1ba59ce0-7fec-434b-8d5c-9b275250a26c,skill,http://data.europa.eu/esco/skill/1ba59ce0-7fec-434b-8d5c-9b275250a26c,prepare presentation material,fuzzy_review:preparing presentation material,57.69,0.0,46.15,pending,Fuzzy candidate only. Do not merge without manual review.
O*NET Database,O*NET Database|onet_transferable_skills|2.B.3.l,skill,2.B.3.l,Repairing,ESCO,ESCO|esco_skills|http://data.europa.eu/esco/skill/1bc7c69b-4292-4592-b854-f48165a06082,skill,http://data.europa.eu/esco/skill/1bc7c69b-4292-4592-b854-f48165a06082,repair engines,fuzzy_review:repair engines,69.57,9.52,57.56,pending,Fuzzy candidate only. Do not merge without manual review.
O*NET Database,O*NET Database|onet_transferable_skills|2.B.3.l,skill,2.B.3.l,Repairing,ESCO,ESCO|esco_skills|http://data.europa.eu/esco/skill/0a52bed5-fd29-45fb-aba6-e32bccfda1c1,skill,http://data.europa.eu/esco/skill/0a52bed5-fd29-45fb-aba6-e32bccfda1c1,plan migration to cloud,fuzzy_review:plan refactoring,56.0,4.55,45.71,pending,Fuzzy candidate only. Do not merge without manual review.
O*NET Database,O*NET Database|onet_transferable_skills|2.B.3.l,skill,2.B.3.l,Repairing,ESCO,ESCO|esco_skills|http://data.europa.eu/esco/skill/b469a01e-2d3c-4143-8af8-687630fb4ee5,skill,http://data.europa.eu/esco/skill/b469a01e-2d3c-4143-8af8-687630fb4ee5,provide palliative care,fuzzy_review:provide palliative caring,52.94,0.0,42.35,pending,Fuzzy candidate only. Do not merge without manual review.
O*NET Database,O*NET Database|onet_essential_skills|2.A.1.f,skill,2.A.1.f,Science,ESCO,ESCO|esco_skills|http://data.europa.eu/esco/skill/fdf15b35-9028-4acb-bfd2-43f00a015cd9,skill,http://data.europa.eu/esco/skill/fdf15b35-9028-4acb-bfd2-43f00a015cd9,use personal organization software,fuzzy_review:Clarizen,53.33,0.0,42.66,pending,Fuzzy candidate only. Do not merge without manual review.
O*NET Database,O*NET Database|onet_essential_skills|2.A.1.f,skill,2.A.1.f,Science,ESCO,ESCO|esco_skills|http://data.europa.eu/esco/skill/1973c966-f236-40c9-b2d4-5d71a89019be,skill,http://data.europa.eu/esco/skill/1973c966-f236-40c9-b2d4-5d71a89019be,use spreadsheets software,fuzzy_review:MS Excel,53.33,0.0,42.66,pending,Fuzzy candidate only. Do not merge without manual review.
O*NET Database,O*NET Database|onet_essential_skills|2.A.1.f,skill,2.A.1.f,Science,ESCO,ESCO|esco_skills|http://data.europa.eu/esco/skill/2c28fc20-8a60-4311-8899-5ef8729c05b3,skill,http://data.europa.eu/esco/skill/2c28fc20-8a60-4311-8899-5ef8729c05b3,design process,fuzzy_review:design process,47.62,5.0,39.1,pending,Fuzzy candidate only. Do not merge without manual review.
O*NET Database,O*NET Database|onet_transferable_skills|2.B.1.f,skill,2.B.1.f,Service Orientation,ESCO,ESCO|esco_skills|http://data.europa.eu/esco/skill/8df59017-f8e3-4a48-b321-79a38c597748,skill,http://data.europa.eu/esco/skill/8df59017-f8e3-4a48-b321-79a38c597748,manage tests,fuzzy_review:supervise examinations,68.29,0.0,54.63,pending,Fuzzy candidate only. Do not merge without manual review.
O*NET Database,O*NET Database|onet_transferable_skills|2.B.1.f,skill,2.B.1.f,Service Orientation,ESCO,ESCO|esco_skills|http://data.europa.eu/esco/skill/1a4fdd0e-2cbe-4b77-aa6e-e46efc181b76,skill,http://data.europa.eu/esco/skill/1a4fdd0e-2cbe-4b77-aa6e-e46efc181b76,represent the organisation,fuzzy_review:serve the organisation,68.29,0.0,54.63,pending,Fuzzy candidate only. Do not merge without manual review.
O*NET Database,O*NET Database|onet_transferable_skills|2.B.1.f,skill,2.B.1.f,Service Orientation,ESCO,ESCO|esco_skills|http://data.europa.eu/esco/skill/188048ff-18bf-43c4-a1a0-7adb6e68f421,skill,http://data.europa.eu/esco/skill/188048ff-18bf-43c4-a1a0-7adb6e68f421,monitor machine operations,fuzzy_review:supervise machine operations,63.83,0.0,51.06,pending,Fuzzy candidate only. Do not merge without manual review.
O*NET Database,O*NET Database|onet_transferable_skills|2.B.1.a,skill,2.B.1.a,Social Perceptiveness,ESCO,ESCO|esco_skills|http://data.europa.eu/esco/skill/0fba68dc-6f5d-4974-b3cf-5d3215f7d363,skill,http://data.europa.eu/esco/skill/0fba68dc-6f5d-4974-b3cf-5d3215f7d363,edit negatives,fuzzy_review:alter negatives,55.56,0.0,44.45,pending,Fuzzy candidate only. Do not merge without manual review.
O*NET Database,O*NET Database|onet_transferable_skills|2.B.1.a,skill,2.B.1.a,Social Perceptiveness,ESCO,ESCO|esco_skills|http://data.europa.eu/esco/skill/38d49d88-9069-467b-b29e-3cae739bdd4d,skill,http://data.europa.eu/esco/skill/38d49d88-9069-467b-b29e-3cae739bdd4d,build predictive models,fuzzy_review:build predictive models,54.55,0.0,43.64,pending,Fuzzy candidate only. Do not merge without manual review.
O*NET Database,O*NET Database|onet_transferable_skills|2.B.1.a,skill,2.B.1.a,Social Perceptiveness,ESCO,ESCO|esco_skills|http://data.europa.eu/esco/skill/64e09849-a7db-4d6b-a932-66264420eb97,skill,http://data.europa.eu/esco/skill/64e09849-a7db-4d6b-a932-66264420eb97,apply social media marketing,fuzzy_review:apply social media marketing,53.06,0.0,42.45,pending,Fuzzy candidate only. Do not merge without manual review.
O*NET Database,O*NET Database|onet_essential_skills|2.A.1.d,skill,2.A.1.d,Speaking,ESCO,ESCO|esco_skills|http://data.europa.eu/esco/skill/ef64005d-75bc-4597-8ed6-717edec5e55e,skill,http://data.europa.eu/esco/skill/ef64005d-75bc-4597-8ed6-717edec5e55e,enhance website visibility,fuzzy_review:website marketing,56.0,0.0,44.8,pending,Fuzzy candidate only. Do not merge without manual review.
O*NET Database,O*NET Database|onet_essential_skills|2.A.1.d,skill,2.A.1.d,Speaking,ESCO,ESCO|esco_skills|http://data.europa.eu/esco/skill/020b3c27-bae1-4b85-9d6f-eccee0f5ed99,skill,http://data.europa.eu/esco/skill/020b3c27-bae1-4b85-9d6f-eccee0f5ed99,manage supplies,fuzzy_review:supplies managing,56.0,0.0,44.8,pending,Fuzzy candidate only. Do not merge without manual review.
O*NET Database,O*NET Database|onet_essential_skills|2.A.1.d,skill,2.A.1.d,Speaking,ESCO,ESCO|esco_skills|http://data.europa.eu/esco/skill/c330db31-7fa9-4a8c-8ad6-baa957bcfed1,skill,http://data.europa.eu/esco/skill/c330db31-7fa9-4a8c-8ad6-baa957bcfed1,install operating system,fuzzy_review:OS loading,55.56,0.0,44.45,pending,Fuzzy candidate only. Do not merge without manual review.
O*NET Database,O*NET Database|onet_transferable_skills|2.B.4.g,skill,2.B.4.g,Systems Analysis,ESCO,ESCO|esco_skills|http://data.europa.eu/esco/skill/3f86173d-e101-4fcd-934f-ff9de29c081c,skill,http://data.europa.eu/esco/skill/3f86173d-e101-4fcd-934f-ff9de29c081c,perform system analysis,fuzzy_review:perform systems analysis,80.0,22.22,68.44,pending,Fuzzy candidate only. Do not merge without manual review.
O*NET Database,O*NET Database|onet_transferable_skills|2.B.4.g,skill,2.B.4.g,Systems Analysis,ESCO,ESCO|esco_skills|http://data.europa.eu/esco/skill/5d26851b-270a-4fbe-abeb-2bfd6eba3e2d,skill,http://data.europa.eu/esco/skill/5d26851b-270a-4fbe-abeb-2bfd6eba3e2d,analyse logistic changes,fuzzy_review:logistic changes analysis,63.41,3.85,51.5,pending,Fuzzy candidate only. Do not merge without manual review.
O*NET Database,O*NET Database|onet_transferable_skills|2.B.4.g,skill,2.B.4.g,Systems Analysis,ESCO,ESCO|esco_skills|http://data.europa.eu/esco/skill/1dd23dba-dd00-45ab-abf4-642902538317,skill,http://data.europa.eu/esco/skill/1dd23dba-dd00-45ab-abf4-642902538317,perform risk analysis,fuzzy_review:complete risk analysis,63.16,0.0,50.53,pending,Fuzzy candidate only. Do not merge without manual review.
O*NET Database,O*NET Database|onet_transferable_skills|2.B.4.h,skill,2.B.4.h,Systems Evaluation,ESCO,ESCO|esco_skills|http://data.europa.eu/esco/skill/a3aff665-ab4a-4a9a-9eba-0cd60cba6517,skill,http://data.europa.eu/esco/skill/a3aff665-ab4a-4a9a-9eba-0cd60cba6517,conduct physiotherapy assessment,fuzzy_review:conduct physiotherapy evaluation,60.0,0.0,48.0,pending,Fuzzy candidate only. Do not merge without manual review.
O*NET Database,O*NET Database|onet_transferable_skills|2.B.4.h,skill,2.B.4.h,Systems Evaluation,ESCO,ESCO|esco_skills|http://data.europa.eu/esco/skill/8df59017-f8e3-4a48-b321-79a38c597748,skill,http://data.europa.eu/esco/skill/8df59017-f8e3-4a48-b321-79a38c597748,manage tests,fuzzy_review:supervise examinations,55.0,0.0,44.0,pending,Fuzzy candidate only. Do not merge without manual review.
O*NET Database,O*NET Database|onet_transferable_skills|2.B.4.h,skill,2.B.4.h,Systems Evaluation,ESCO,ESCO|esco_skills|http://data.europa.eu/esco/skill/3f86173d-e101-4fcd-934f-ff9de29c081c,skill,http://data.europa.eu/esco/skill/3f86173d-e101-4fcd-934f-ff9de29c081c,perform system analysis,fuzzy_review:perform systems analysis,52.38,4.76,42.86,pending,Fuzzy candidate only. Do not merge without manual review.
O*NET Database,O*NET Database|onet_transferable_skills|2.B.3.b,skill,2.B.3.b,Technology Design,ESCO,ESCO|esco_skills|http://data.europa.eu/esco/skill/c214d86e-fbb8-45c0-87d4-f2cefc954057,skill,http://data.europa.eu/esco/skill/c214d86e-fbb8-45c0-87d4-f2cefc954057,select sustainable technologies in design,fuzzy_review:adopt sustainable technology in design,61.82,0.0,49.46,pending,Fuzzy candidate only. Do not merge without manual review.
O*NET Database,O*NET Database|onet_transferable_skills|2.B.3.b,skill,2.B.3.b,Technology Design,ESCO,ESCO|esco_skills|http://data.europa.eu/esco/skill/fe4a9fb8-2963-4b23-8a18-e033197304f2,skill,http://data.europa.eu/esco/skill/fe4a9fb8-2963-4b23-8a18-e033197304f2,design sensors,fuzzy_review:sensor designing,60.61,0.0,48.49,pending,Fuzzy candidate only. Do not merge without manual review.
O*NET Database,O*NET Database|onet_transferable_skills|2.B.3.b,skill,2.B.3.b,Technology Design,ESCO,ESCO|esco_skills|http://data.europa.eu/esco/skill/248894d1-42dc-474f-af6e-2da52ac0c679,skill,http://data.europa.eu/esco/skill/248894d1-42dc-474f-af6e-2da52ac0c679,define technology strategy,fuzzy_review:define technology strategy,60.47,0.0,48.38,pending,Fuzzy candidate only. Do not merge without manual review.
O*NET Database,O*NET Database|onet_transferable_skills|2.B.5.a,skill,2.B.5.a,Time Management,ESCO,ESCO|esco_skills|http://data.europa.eu/esco/skill/3c03ee71-4a23-448f-b79e-81fd75d27dca,skill,http://data.europa.eu/esco/skill/3c03ee71-4a23-448f-b79e-81fd75d27dca,apply change management,fuzzy_review:alter management,83.87,0.0,67.1,pending,Fuzzy candidate only. Do not merge without manual review.
O*NET Database,O*NET Database|onet_transferable_skills|2.B.5.a,skill,2.B.5.a,Time Management,ESCO,ESCO|esco_skills|http://data.europa.eu/esco/skill/020b3c27-bae1-4b85-9d6f-eccee0f5ed99,skill,http://data.europa.eu/esco/skill/020b3c27-bae1-4b85-9d6f-eccee0f5ed99,manage supplies,fuzzy_review:supplies management,76.47,0.0,61.18,pending,Fuzzy candidate only. Do not merge without manual review.
O*NET Database,O*NET Database|onet_transferable_skills|2.B.5.a,skill,2.B.5.a,Time Management,ESCO,ESCO|esco_skills|http://data.europa.eu/esco/skill/953c0b65-537a-42fe-a90b-26cd36c64361,skill,http://data.europa.eu/esco/skill/953c0b65-537a-42fe-a90b-26cd36c64361,manage logistics,fuzzy_review:logistics management,74.29,0.0,59.43,pending,Fuzzy candidate only. Do not merge without manual review.
O*NET Database,O*NET Database|onet_transferable_skills|2.B.3.k,skill,2.B.3.k,Troubleshooting,ESCO,ESCO|esco_skills|http://data.europa.eu/esco/skill/9e06bac6-6b91-48ca-8b7d-c1f48cdecd7c,skill,http://data.europa.eu/esco/skill/9e06bac6-6b91-48ca-8b7d-c1f48cdecd7c,solve ICT system problems,fuzzy_review:troubleshoot system,70.59,4.17,57.31,pending,Fuzzy candidate only. Do not merge without manual review.
O*NET Database,O*NET Database|onet_transferable_skills|2.B.3.k,skill,2.B.3.k,Troubleshooting,ESCO,ESCO|esco_skills|http://data.europa.eu/esco/skill/744442ac-c157-4350-8be0-ce454df4f5c5,skill,http://data.europa.eu/esco/skill/744442ac-c157-4350-8be0-ce454df4f5c5,perform ICT troubleshooting,fuzzy_review:perform ICT troubleshooting,71.43,0.0,57.14,pending,Fuzzy candidate only. Do not merge without manual review.
O*NET Database,O*NET Database|onet_transferable_skills|2.B.3.k,skill,2.B.3.k,Troubleshooting,ESCO,ESCO|esco_skills|http://data.europa.eu/esco/skill/440d5784-52a5-4729-8b04-29f978bd896d,skill,http://data.europa.eu/esco/skill/440d5784-52a5-4729-8b04-29f978bd896d,respond to incidents in cloud,fuzzy_review:troubleshoot cloud incidents,65.12,0.0,52.1,pending,Fuzzy candidate only. Do not merge without manual review.
O*NET Database,O*NET Database|onet_essential_skills|2.A.1.c,skill,2.A.1.c,Writing,ESCO,ESCO|esco_skills|http://data.europa.eu/esco/skill/906c9e66-bdee-4f8e-93d7-88d9fcf39a0a,skill,http://data.europa.eu/esco/skill/906c9e66-bdee-4f8e-93d7-88d9fcf39a0a,fix meetings,fuzzy_review:fix meeting,55.56,0.0,44.45,pending,Fuzzy candidate only. Do not merge without manual review.
O*NET Database,O*NET Database|onet_essential_skills|2.A.1.c,skill,2.A.1.c,Writing,ESCO,ESCO|esco_skills|http://data.europa.eu/esco/skill/bbbd263e-affb-4ec8-84fb-3e5d9e62306b,skill,http://data.europa.eu/esco/skill/bbbd263e-affb-4ec8-84fb-3e5d9e62306b,model hardware,fuzzy_review:hardware simulating,53.85,0.0,43.08,pending,Fuzzy candidate only. Do not merge without manual review.
O*NET Database,O*NET Database|onet_essential_skills|2.A.1.c,skill,2.A.1.c,Writing,ESCO,ESCO|esco_skills|http://data.europa.eu/esco/skill/ce592b28-4467-4908-b2e6-64bbe18da631,skill,http://data.europa.eu/esco/skill/ce592b28-4467-4908-b2e6-64bbe18da631,perform copywriting,fuzzy_review:perform copywriting,53.85,0.0,43.08,pending,Fuzzy candidate only. Do not merge without manual review.
