onet_soc_code,onet_title,gradnavi_careers,api_position,technology_title,percentage,hot_technology,in_demand,source_url
13-1071.00,Human Resources Specialists,Human Resources Adviser; Recruitment Consultant,1,Microsoft Office software,21,True,True,https://api-v2.onetcenter.org/online/occupations/13-1071.00/in_demand_skills?start=1&end=2000&sort=percentage
13-1071.00,Human Resources Specialists,Human Resources Adviser; Recruitment Consultant,2,Oracle HRIS,19,,True,https://api-v2.onetcenter.org/online/occupations/13-1071.00/in_demand_skills?start=1&end=2000&sort=percentage
13-1071.00,Human Resources Specialists,Human Resources Adviser; Recruitment Consultant,3,Microsoft Excel,17,True,True,https://api-v2.onetcenter.org/online/occupations/13-1071.00/in_demand_skills?start=1&end=2000&sort=percentage
13-1071.00,Human Resources Specialists,Human Resources Adviser; Recruitment Consultant,4,Applicant tracking software,15,,True,https://api-v2.onetcenter.org/online/occupations/13-1071.00/in_demand_skills?start=1&end=2000&sort=percentage
13-1071.00,Human Resources Specialists,Human Resources Adviser; Recruitment Consultant,5,Microsoft PowerPoint,11,True,True,https://api-v2.onetcenter.org/online/occupations/13-1071.00/in_demand_skills?start=1&end=2000&sort=percentage
13-1071.00,Human Resources Specialists,Human Resources Adviser; Recruitment Consultant,6,Microsoft Outlook,8,True,True,https://api-v2.onetcenter.org/online/occupations/13-1071.00/in_demand_skills?start=1&end=2000&sort=percentage
13-1071.00,Human Resources Specialists,Human Resources Adviser; Recruitment Consultant,7,Workday software,6,True,True,https://api-v2.onetcenter.org/online/occupations/13-1071.00/in_demand_skills?start=1&end=2000&sort=percentage
13-1075.00,Labor Relations Specialists,Workplace Relations Adviser,1,Microsoft Office software,23,True,True,https://api-v2.onetcenter.org/online/occupations/13-1075.00/in_demand_skills?start=1&end=2000&sort=percentage
13-1075.00,Labor Relations Specialists,Workplace Relations Adviser,2,Microsoft Excel,17,True,True,https://api-v2.onetcenter.org/online/occupations/13-1075.00/in_demand_skills?start=1&end=2000&sort=percentage
13-1075.00,Labor Relations Specialists,Workplace Relations Adviser,3,Oracle HRIS,15,,True,https://api-v2.onetcenter.org/online/occupations/13-1075.00/in_demand_skills?start=1&end=2000&sort=percentage
13-1075.00,Labor Relations Specialists,Workplace Relations Adviser,4,Microsoft PowerPoint,12,True,True,https://api-v2.onetcenter.org/online/occupations/13-1075.00/in_demand_skills?start=1&end=2000&sort=percentage
13-1075.00,Labor Relations Specialists,Workplace Relations Adviser,5,Microsoft Outlook,8,True,True,https://api-v2.onetcenter.org/online/occupations/13-1075.00/in_demand_skills?start=1&end=2000&sort=percentage
13-1075.00,Labor Relations Specialists,Workplace Relations Adviser,6,Workday software,6,True,True,https://api-v2.onetcenter.org/online/occupations/13-1075.00/in_demand_skills?start=1&end=2000&sort=percentage
13-1075.00,Labor Relations Specialists,Workplace Relations Adviser,7,ServiceNow,6,True,True,https://api-v2.onetcenter.org/online/occupations/13-1075.00/in_demand_skills?start=1&end=2000&sort=percentage
13-1081.02,Logistics Analysts,Supply Chain Analyst,1,Microsoft Excel,39,True,True,https://api-v2.onetcenter.org/online/occupations/13-1081.02/in_demand_skills?start=1&end=2000&sort=percentage
13-1081.02,Logistics Analysts,Supply Chain Analyst,2,Microsoft Office software,22,True,True,https://api-v2.onetcenter.org/online/occupations/13-1081.02/in_demand_skills?start=1&end=2000&sort=percentage
13-1081.02,Logistics Analysts,Supply Chain Analyst,3,SAP software,20,True,True,https://api-v2.onetcenter.org/online/occupations/13-1081.02/in_demand_skills?start=1&end=2000&sort=percentage
13-1081.02,Logistics Analysts,Supply Chain Analyst,4,Microsoft PowerPoint,15,True,True,https://api-v2.onetcenter.org/online/occupations/13-1081.02/in_demand_skills?start=1&end=2000&sort=percentage
13-1081.02,Logistics Analysts,Supply Chain Analyst,5,Microsoft Power BI,13,True,True,https://api-v2.onetcenter.org/online/occupations/13-1081.02/in_demand_skills?start=1&end=2000&sort=percentage
13-1081.02,Logistics Analysts,Supply Chain Analyst,6,Structured query language SQL,11,True,True,https://api-v2.onetcenter.org/online/occupations/13-1081.02/in_demand_skills?start=1&end=2000&sort=percentage
13-1081.02,Logistics Analysts,Supply Chain Analyst,7,Tableau,9,True,True,https://api-v2.onetcenter.org/online/occupations/13-1081.02/in_demand_skills?start=1&end=2000&sort=percentage
13-1081.02,Logistics Analysts,Supply Chain Analyst,8,Microsoft Outlook,7,True,True,https://api-v2.onetcenter.org/online/occupations/13-1081.02/in_demand_skills?start=1&end=2000&sort=percentage
13-1081.02,Logistics Analysts,Supply Chain Analyst,9,Microsoft Access,5,True,True,https://api-v2.onetcenter.org/online/occupations/13-1081.02/in_demand_skills?start=1&end=2000&sort=percentage
13-1081.02,Logistics Analysts,Supply Chain Analyst,10,Inventory management systems,5,,True,https://api-v2.onetcenter.org/online/occupations/13-1081.02/in_demand_skills?start=1&end=2000&sort=percentage
13-1111.00,Management Analysts,Management Consultant,1,Microsoft Excel,21,True,True,https://api-v2.onetcenter.org/online/occupations/13-1111.00/in_demand_skills?start=1&end=2000&sort=percentage
13-1111.00,Management Analysts,Management Consultant,2,Structured query language SQL,20,True,True,https://api-v2.onetcenter.org/online/occupations/13-1111.00/in_demand_skills?start=1&end=2000&sort=percentage
13-1111.00,Management Analysts,Management Consultant,3,Microsoft PowerPoint,14,True,True,https://api-v2.onetcenter.org/online/occupations/13-1111.00/in_demand_skills?start=1&end=2000&sort=percentage
13-1111.00,Management Analysts,Management Consultant,4,Microsoft Office software,14,True,True,https://api-v2.onetcenter.org/online/occupations/13-1111.00/in_demand_skills?start=1&end=2000&sort=percentage
13-1111.00,Management Analysts,Management Consultant,5,Microsoft Power BI,11,True,True,https://api-v2.onetcenter.org/online/occupations/13-1111.00/in_demand_skills?start=1&end=2000&sort=percentage
13-1111.00,Management Analysts,Management Consultant,6,Atlassian JIRA,10,True,True,https://api-v2.onetcenter.org/online/occupations/13-1111.00/in_demand_skills?start=1&end=2000&sort=percentage
13-1111.00,Management Analysts,Management Consultant,7,Tableau,9,True,True,https://api-v2.onetcenter.org/online/occupations/13-1111.00/in_demand_skills?start=1&end=2000&sort=percentage
13-1111.00,Management Analysts,Management Consultant,8,Microsoft Visio,8,True,True,https://api-v2.onetcenter.org/online/occupations/13-1111.00/in_demand_skills?start=1&end=2000&sort=percentage
13-1111.00,Management Analysts,Management Consultant,9,Salesforce software,6,True,True,https://api-v2.onetcenter.org/online/occupations/13-1111.00/in_demand_skills?start=1&end=2000&sort=percentage
13-1111.00,Management Analysts,Management Consultant,10,Python,5,True,True,https://api-v2.onetcenter.org/online/occupations/13-1111.00/in_demand_skills?start=1&end=2000&sort=percentage
13-1111.00,Management Analysts,Management Consultant,11,Microsoft SharePoint,4,True,True,https://api-v2.onetcenter.org/online/occupations/13-1111.00/in_demand_skills?start=1&end=2000&sort=percentage
13-1161.00,Market Research Analysts and Marketing Specialists,Content Creator (Marketing); Market Research Analyst; Marketing Specialist,1,Microsoft Excel,16,True,True,https://api-v2.onetcenter.org/online/occupations/13-1161.00/in_demand_skills?start=1&end=2000&sort=percentage
13-1161.00,Market Research Analysts and Marketing Specialists,Content Creator (Marketing); Market Research Analyst; Marketing Specialist,2,Microsoft Office software,14,True,True,https://api-v2.onetcenter.org/online/occupations/13-1161.00/in_demand_skills?start=1&end=2000&sort=percentage
13-1161.00,Market Research Analysts and Marketing Specialists,Content Creator (Marketing); Market Research Analyst; Marketing Specialist,3,Microsoft PowerPoint,13,True,True,https://api-v2.onetcenter.org/online/occupations/13-1161.00/in_demand_skills?start=1&end=2000&sort=percentage
13-1161.00,Market Research Analysts and Marketing Specialists,Content Creator (Marketing); Market Research Analyst; Marketing Specialist,4,Salesforce software,10,True,True,https://api-v2.onetcenter.org/online/occupations/13-1161.00/in_demand_skills?start=1&end=2000&sort=percentage
13-1161.00,Market Research Analysts and Marketing Specialists,Content Creator (Marketing); Market Research Analyst; Marketing Specialist,5,Google Analytics,7,True,True,https://api-v2.onetcenter.org/online/occupations/13-1161.00/in_demand_skills?start=1&end=2000&sort=percentage
13-1161.00,Market Research Analysts and Marketing Specialists,Content Creator (Marketing); Market Research Analyst; Marketing Specialist,6,Canva,6,True,True,https://api-v2.onetcenter.org/online/occupations/13-1161.00/in_demand_skills?start=1&end=2000&sort=percentage
13-1161.00,Market Research Analysts and Marketing Specialists,Content Creator (Marketing); Market Research Analyst; Marketing Specialist,7,Adobe Creative Cloud software,5,True,True,https://api-v2.onetcenter.org/online/occupations/13-1161.00/in_demand_skills?start=1&end=2000&sort=percentage
13-1161.00,Market Research Analysts and Marketing Specialists,Content Creator (Marketing); Market Research Analyst; Marketing Specialist,8,TikTok,5,True,True,https://api-v2.onetcenter.org/online/occupations/13-1161.00/in_demand_skills?start=1&end=2000&sort=percentage
13-1161.00,Market Research Analysts and Marketing Specialists,Content Creator (Marketing); Market Research Analyst; Marketing Specialist,9,Microsoft Outlook,5,True,True,https://api-v2.onetcenter.org/online/occupations/13-1161.00/in_demand_skills?start=1&end=2000&sort=percentage
13-1161.01,Search Marketing Strategists,Digital Marketing Analyst,1,Google Analytics,34,True,True,https://api-v2.onetcenter.org/online/occupations/13-1161.01/in_demand_skills?start=1&end=2000&sort=percentage
13-1161.01,Search Marketing Strategists,Digital Marketing Analyst,2,Semrush,25,,True,https://api-v2.onetcenter.org/online/occupations/13-1161.01/in_demand_skills?start=1&end=2000&sort=percentage
13-1161.01,Search Marketing Strategists,Digital Marketing Analyst,3,Google,22,,True,https://api-v2.onetcenter.org/online/occupations/13-1161.01/in_demand_skills?start=1&end=2000&sort=percentage
13-1161.01,Search Marketing Strategists,Digital Marketing Analyst,4,Ahrefs Site Explorer,16,,True,https://api-v2.onetcenter.org/online/occupations/13-1161.01/in_demand_skills?start=1&end=2000&sort=percentage
13-1161.01,Search Marketing Strategists,Digital Marketing Analyst,5,Hypertext markup language HTML,16,True,True,https://api-v2.onetcenter.org/online/occupations/13-1161.01/in_demand_skills?start=1&end=2000&sort=percentage
13-1161.01,Search Marketing Strategists,Digital Marketing Analyst,6,Screaming Frog SEO Spider,12,,True,https://api-v2.onetcenter.org/online/occupations/13-1161.01/in_demand_skills?start=1&end=2000&sort=percentage
13-1161.01,Search Marketing Strategists,Digital Marketing Analyst,7,Cascading style sheets CSS,12,True,True,https://api-v2.onetcenter.org/online/occupations/13-1161.01/in_demand_skills?start=1&end=2000&sort=percentage
13-1161.01,Search Marketing Strategists,Digital Marketing Analyst,8,Google Ads,11,,True,https://api-v2.onetcenter.org/online/occupations/13-1161.01/in_demand_skills?start=1&end=2000&sort=percentage
13-1161.01,Search Marketing Strategists,Digital Marketing Analyst,9,Microsoft Excel,11,True,True,https://api-v2.onetcenter.org/online/occupations/13-1161.01/in_demand_skills?start=1&end=2000&sort=percentage
13-1161.01,Search Marketing Strategists,Digital Marketing Analyst,10,JavaScript,10,True,True,https://api-v2.onetcenter.org/online/occupations/13-1161.01/in_demand_skills?start=1&end=2000&sort=percentage
13-1161.01,Search Marketing Strategists,Digital Marketing Analyst,11,WordPress,10,True,True,https://api-v2.onetcenter.org/online/occupations/13-1161.01/in_demand_skills?start=1&end=2000&sort=percentage
13-1161.01,Search Marketing Strategists,Digital Marketing Analyst,12,Python,8,True,True,https://api-v2.onetcenter.org/online/occupations/13-1161.01/in_demand_skills?start=1&end=2000&sort=percentage
13-1161.01,Search Marketing Strategists,Digital Marketing Analyst,13,Moz search engine optimization SEO software,7,,True,https://api-v2.onetcenter.org/online/occupations/13-1161.01/in_demand_skills?start=1&end=2000&sort=percentage
13-1161.01,Search Marketing Strategists,Digital Marketing Analyst,14,Google Looker Analytics,6,True,True,https://api-v2.onetcenter.org/online/occupations/13-1161.01/in_demand_skills?start=1&end=2000&sort=percentage
13-1161.01,Search Marketing Strategists,Digital Marketing Analyst,15,Google Tag Manager,6,,True,https://api-v2.onetcenter.org/online/occupations/13-1161.01/in_demand_skills?start=1&end=2000&sort=percentage
13-1161.01,Search Marketing Strategists,Digital Marketing Analyst,16,Bing Ads,6,,True,https://api-v2.onetcenter.org/online/occupations/13-1161.01/in_demand_skills?start=1&end=2000&sort=percentage
13-1161.01,Search Marketing Strategists,Digital Marketing Analyst,17,Adobe Analytics,5,,True,https://api-v2.onetcenter.org/online/occupations/13-1161.01/in_demand_skills?start=1&end=2000&sort=percentage
13-1161.01,Search Marketing Strategists,Digital Marketing Analyst,18,Content management systems CMS,5,,True,https://api-v2.onetcenter.org/online/occupations/13-1161.01/in_demand_skills?start=1&end=2000&sort=percentage
13-1161.01,Search Marketing Strategists,Digital Marketing Analyst,19,Microsoft Office software,5,True,True,https://api-v2.onetcenter.org/online/occupations/13-1161.01/in_demand_skills?start=1&end=2000&sort=percentage
13-1161.01,Search Marketing Strategists,Digital Marketing Analyst,20,Microsoft PowerPoint,5,True,True,https://api-v2.onetcenter.org/online/occupations/13-1161.01/in_demand_skills?start=1&end=2000&sort=percentage
13-2011.00,Accountants and Auditors,Accountant (General); Management Accountant; Taxation Accountant,1,Microsoft Excel,28,True,True,https://api-v2.onetcenter.org/online/occupations/13-2011.00/in_demand_skills?start=1&end=2000&sort=percentage
13-2011.00,Accountants and Auditors,Accountant (General); Management Accountant; Taxation Accountant,2,Microsoft Office software,17,True,True,https://api-v2.onetcenter.org/online/occupations/13-2011.00/in_demand_skills?start=1&end=2000&sort=percentage
13-2011.00,Accountants and Auditors,Accountant (General); Management Accountant; Taxation Accountant,3,Intuit QuickBooks,8,True,True,https://api-v2.onetcenter.org/online/occupations/13-2011.00/in_demand_skills?start=1&end=2000&sort=percentage
13-2011.00,Accountants and Auditors,Accountant (General); Management Accountant; Taxation Accountant,4,SAP software,6,True,True,https://api-v2.onetcenter.org/online/occupations/13-2011.00/in_demand_skills?start=1&end=2000&sort=percentage
13-2011.00,Accountants and Auditors,Accountant (General); Management Accountant; Taxation Accountant,5,Microsoft PowerPoint,6,True,True,https://api-v2.onetcenter.org/online/occupations/13-2011.00/in_demand_skills?start=1&end=2000&sort=percentage
13-2011.00,Accountants and Auditors,Accountant (General); Management Accountant; Taxation Accountant,6,Microsoft Outlook,6,True,True,https://api-v2.onetcenter.org/online/occupations/13-2011.00/in_demand_skills?start=1&end=2000&sort=percentage
15-1211.00,Computer Systems Analysts,ICT Business Analyst,1,Structured query language SQL,16,True,True,https://api-v2.onetcenter.org/online/occupations/15-1211.00/in_demand_skills?start=1&end=2000&sort=percentage
15-1211.00,Computer Systems Analysts,ICT Business Analyst,2,Microsoft Excel,15,True,True,https://api-v2.onetcenter.org/online/occupations/15-1211.00/in_demand_skills?start=1&end=2000&sort=percentage
15-1211.00,Computer Systems Analysts,ICT Business Analyst,3,Microsoft Office software,14,True,True,https://api-v2.onetcenter.org/online/occupations/15-1211.00/in_demand_skills?start=1&end=2000&sort=percentage
15-1211.00,Computer Systems Analysts,ICT Business Analyst,4,SAP software,13,True,True,https://api-v2.onetcenter.org/online/occupations/15-1211.00/in_demand_skills?start=1&end=2000&sort=percentage
15-1211.00,Computer Systems Analysts,ICT Business Analyst,5,Microsoft PowerPoint,10,True,True,https://api-v2.onetcenter.org/online/occupations/15-1211.00/in_demand_skills?start=1&end=2000&sort=percentage
15-1211.00,Computer Systems Analysts,ICT Business Analyst,6,ServiceNow,6,True,True,https://api-v2.onetcenter.org/online/occupations/15-1211.00/in_demand_skills?start=1&end=2000&sort=percentage
15-1211.00,Computer Systems Analysts,ICT Business Analyst,7,Atlassian JIRA,6,True,True,https://api-v2.onetcenter.org/online/occupations/15-1211.00/in_demand_skills?start=1&end=2000&sort=percentage
15-1211.00,Computer Systems Analysts,ICT Business Analyst,8,Python,6,True,True,https://api-v2.onetcenter.org/online/occupations/15-1211.00/in_demand_skills?start=1&end=2000&sort=percentage
15-1211.00,Computer Systems Analysts,ICT Business Analyst,9,Microsoft SharePoint,5,True,True,https://api-v2.onetcenter.org/online/occupations/15-1211.00/in_demand_skills?start=1&end=2000&sort=percentage
15-1211.00,Computer Systems Analysts,ICT Business Analyst,10,Microsoft Power BI,5,True,True,https://api-v2.onetcenter.org/online/occupations/15-1211.00/in_demand_skills?start=1&end=2000&sort=percentage
15-1212.00,Information Security Analysts,Cyber Security Advice and Assessment Specialist; Cyber Security Analyst,1,Firewall software,18,,True,https://api-v2.onetcenter.org/online/occupations/15-1212.00/in_demand_skills?start=1&end=2000&sort=percentage
15-1212.00,Information Security Analysts,Cyber Security Advice and Assessment Specialist; Cyber Security Analyst,2,Linux,14,True,True,https://api-v2.onetcenter.org/online/occupations/15-1212.00/in_demand_skills?start=1&end=2000&sort=percentage
15-1212.00,Information Security Analysts,Cyber Security Advice and Assessment Specialist; Cyber Security Analyst,3,Splunk Enterprise,12,True,True,https://api-v2.onetcenter.org/online/occupations/15-1212.00/in_demand_skills?start=1&end=2000&sort=percentage
15-1212.00,Information Security Analysts,Cyber Security Advice and Assessment Specialist; Cyber Security Analyst,4,Python,12,True,True,https://api-v2.onetcenter.org/online/occupations/15-1212.00/in_demand_skills?start=1&end=2000&sort=percentage
15-1212.00,Information Security Analysts,Cyber Security Advice and Assessment Specialist; Cyber Security Analyst,5,Microsoft Azure software,12,True,True,https://api-v2.onetcenter.org/online/occupations/15-1212.00/in_demand_skills?start=1&end=2000&sort=percentage
15-1212.00,Information Security Analysts,Cyber Security Advice and Assessment Specialist; Cyber Security Analyst,6,Amazon Web Services AWS software,11,True,True,https://api-v2.onetcenter.org/online/occupations/15-1212.00/in_demand_skills?start=1&end=2000&sort=percentage
15-1212.00,Information Security Analysts,Cyber Security Advice and Assessment Specialist; Cyber Security Analyst,7,Microsoft PowerShell,8,True,True,https://api-v2.onetcenter.org/online/occupations/15-1212.00/in_demand_skills?start=1&end=2000&sort=percentage
15-1212.00,Information Security Analysts,Cyber Security Advice and Assessment Specialist; Cyber Security Analyst,8,MITRE ATT&CK software,7,,True,https://api-v2.onetcenter.org/online/occupations/15-1212.00/in_demand_skills?start=1&end=2000&sort=percentage
15-1212.00,Information Security Analysts,Cyber Security Advice and Assessment Specialist; Cyber Security Analyst,9,Microsoft Office software,7,True,True,https://api-v2.onetcenter.org/online/occupations/15-1212.00/in_demand_skills?start=1&end=2000&sort=percentage
15-1212.00,Information Security Analysts,Cyber Security Advice and Assessment Specialist; Cyber Security Analyst,10,Microsoft Excel,6,True,True,https://api-v2.onetcenter.org/online/occupations/15-1212.00/in_demand_skills?start=1&end=2000&sort=percentage
15-1212.00,Information Security Analysts,Cyber Security Advice and Assessment Specialist; Cyber Security Analyst,11,eMASS,6,,True,https://api-v2.onetcenter.org/online/occupations/15-1212.00/in_demand_skills?start=1&end=2000&sort=percentage
15-1212.00,Information Security Analysts,Cyber Security Advice and Assessment Specialist; Cyber Security Analyst,12,UNIX,5,True,True,https://api-v2.onetcenter.org/online/occupations/15-1212.00/in_demand_skills?start=1&end=2000&sort=percentage
15-1212.00,Information Security Analysts,Cyber Security Advice and Assessment Specialist; Cyber Security Analyst,13,Tenable Nessus,5,,True,https://api-v2.onetcenter.org/online/occupations/15-1212.00/in_demand_skills?start=1&end=2000&sort=percentage
15-1212.00,Information Security Analysts,Cyber Security Advice and Assessment Specialist; Cyber Security Analyst,14,Microsoft PowerPoint,5,True,True,https://api-v2.onetcenter.org/online/occupations/15-1212.00/in_demand_skills?start=1&end=2000&sort=percentage
15-1243.00,Database Architects,Data Architect,1,Structured query language SQL,29,True,True,https://api-v2.onetcenter.org/online/occupations/15-1243.00/in_demand_skills?start=1&end=2000&sort=percentage
15-1243.00,Database Architects,Data Architect,2,Python,21,True,True,https://api-v2.onetcenter.org/online/occupations/15-1243.00/in_demand_skills?start=1&end=2000&sort=percentage
15-1243.00,Database Architects,Data Architect,3,Amazon Web Services AWS software,20,True,True,https://api-v2.onetcenter.org/online/occupations/15-1243.00/in_demand_skills?start=1&end=2000&sort=percentage
15-1243.00,Database Architects,Data Architect,4,Microsoft Azure software,20,True,True,https://api-v2.onetcenter.org/online/occupations/15-1243.00/in_demand_skills?start=1&end=2000&sort=percentage
15-1243.00,Database Architects,Data Architect,5,Microsoft Power BI,11,True,True,https://api-v2.onetcenter.org/online/occupations/15-1243.00/in_demand_skills?start=1&end=2000&sort=percentage
15-1243.00,Database Architects,Data Architect,6,Snowflake,11,True,True,https://api-v2.onetcenter.org/online/occupations/15-1243.00/in_demand_skills?start=1&end=2000&sort=percentage
15-1243.00,Database Architects,Data Architect,7,Tableau,9,True,True,https://api-v2.onetcenter.org/online/occupations/15-1243.00/in_demand_skills?start=1&end=2000&sort=percentage
15-1243.00,Database Architects,Data Architect,8,Microsoft Excel,9,True,True,https://api-v2.onetcenter.org/online/occupations/15-1243.00/in_demand_skills?start=1&end=2000&sort=percentage
15-1243.00,Database Architects,Data Architect,9,Microsoft Office software,7,True,True,https://api-v2.onetcenter.org/online/occupations/15-1243.00/in_demand_skills?start=1&end=2000&sort=percentage
15-1243.00,Database Architects,Data Architect,10,Apache Spark,5,True,True,https://api-v2.onetcenter.org/online/occupations/15-1243.00/in_demand_skills?start=1&end=2000&sort=percentage
15-1243.00,Database Architects,Data Architect,11,Apache Kafka,5,True,True,https://api-v2.onetcenter.org/online/occupations/15-1243.00/in_demand_skills?start=1&end=2000&sort=percentage
15-1243.00,Database Architects,Data Architect,12,Oracle Java,5,True,True,https://api-v2.onetcenter.org/online/occupations/15-1243.00/in_demand_skills?start=1&end=2000&sort=percentage
15-1243.00,Database Architects,Data Architect,13,Microsoft PowerPoint,5,True,True,https://api-v2.onetcenter.org/online/occupations/15-1243.00/in_demand_skills?start=1&end=2000&sort=percentage
15-1243.01,Data Warehousing Specialists,Data Engineer,1,Microsoft Excel,25,True,True,https://api-v2.onetcenter.org/online/occupations/15-1243.01/in_demand_skills?start=1&end=2000&sort=percentage
15-1243.01,Data Warehousing Specialists,Data Engineer,2,Microsoft Office software,18,True,True,https://api-v2.onetcenter.org/online/occupations/15-1243.01/in_demand_skills?start=1&end=2000&sort=percentage
15-1243.01,Data Warehousing Specialists,Data Engineer,3,Structured query language SQL,16,True,True,https://api-v2.onetcenter.org/online/occupations/15-1243.01/in_demand_skills?start=1&end=2000&sort=percentage
15-1243.01,Data Warehousing Specialists,Data Engineer,4,Microsoft Power BI,9,True,True,https://api-v2.onetcenter.org/online/occupations/15-1243.01/in_demand_skills?start=1&end=2000&sort=percentage
15-1243.01,Data Warehousing Specialists,Data Engineer,5,Python,7,True,True,https://api-v2.onetcenter.org/online/occupations/15-1243.01/in_demand_skills?start=1&end=2000&sort=percentage
15-1243.01,Data Warehousing Specialists,Data Engineer,6,Microsoft PowerPoint,7,True,True,https://api-v2.onetcenter.org/online/occupations/15-1243.01/in_demand_skills?start=1&end=2000&sort=percentage
15-1243.01,Data Warehousing Specialists,Data Engineer,7,Operational Data Store ODS software,6,,True,https://api-v2.onetcenter.org/online/occupations/15-1243.01/in_demand_skills?start=1&end=2000&sort=percentage
15-1243.01,Data Warehousing Specialists,Data Engineer,8,Microsoft Outlook,6,True,True,https://api-v2.onetcenter.org/online/occupations/15-1243.01/in_demand_skills?start=1&end=2000&sort=percentage
15-1243.01,Data Warehousing Specialists,Data Engineer,9,Tableau,5,True,True,https://api-v2.onetcenter.org/online/occupations/15-1243.01/in_demand_skills?start=1&end=2000&sort=percentage
15-1243.01,Data Warehousing Specialists,Data Engineer,10,Microsoft Access,5,True,True,https://api-v2.onetcenter.org/online/occupations/15-1243.01/in_demand_skills?start=1&end=2000&sort=percentage
15-1252.00,Software Developers,DevOps Engineer; Software Engineer,1,Python,29,True,True,https://api-v2.onetcenter.org/online/occupations/15-1252.00/in_demand_skills?start=1&end=2000&sort=percentage
15-1252.00,Software Developers,DevOps Engineer; Software Engineer,2,Amazon Web Services AWS software,26,True,True,https://api-v2.onetcenter.org/online/occupations/15-1252.00/in_demand_skills?start=1&end=2000&sort=percentage
15-1252.00,Software Developers,DevOps Engineer; Software Engineer,3,Oracle Java,25,True,True,https://api-v2.onetcenter.org/online/occupations/15-1252.00/in_demand_skills?start=1&end=2000&sort=percentage
15-1252.00,Software Developers,DevOps Engineer; Software Engineer,4,Structured query language SQL,24,True,True,https://api-v2.onetcenter.org/online/occupations/15-1252.00/in_demand_skills?start=1&end=2000&sort=percentage
15-1252.00,Software Developers,DevOps Engineer; Software Engineer,5,JavaScript,20,True,True,https://api-v2.onetcenter.org/online/occupations/15-1252.00/in_demand_skills?start=1&end=2000&sort=percentage
15-1252.00,Software Developers,DevOps Engineer; Software Engineer,6,Microsoft Azure software,19,True,True,https://api-v2.onetcenter.org/online/occupations/15-1252.00/in_demand_skills?start=1&end=2000&sort=percentage
15-1252.00,Software Developers,DevOps Engineer; Software Engineer,7,Kubernetes,14,True,True,https://api-v2.onetcenter.org/online/occupations/15-1252.00/in_demand_skills?start=1&end=2000&sort=percentage
15-1252.00,Software Developers,DevOps Engineer; Software Engineer,8,Git,14,True,True,https://api-v2.onetcenter.org/online/occupations/15-1252.00/in_demand_skills?start=1&end=2000&sort=percentage
15-1252.00,Software Developers,DevOps Engineer; Software Engineer,9,RESTful API,13,,True,https://api-v2.onetcenter.org/online/occupations/15-1252.00/in_demand_skills?start=1&end=2000&sort=percentage
15-1252.00,Software Developers,DevOps Engineer; Software Engineer,10,React,13,True,True,https://api-v2.onetcenter.org/online/occupations/15-1252.00/in_demand_skills?start=1&end=2000&sort=percentage
15-1252.00,Software Developers,DevOps Engineer; Software Engineer,11,Docker,13,True,True,https://api-v2.onetcenter.org/online/occupations/15-1252.00/in_demand_skills?start=1&end=2000&sort=percentage
15-1252.00,Software Developers,DevOps Engineer; Software Engineer,12,C#,12,True,True,https://api-v2.onetcenter.org/online/occupations/15-1252.00/in_demand_skills?start=1&end=2000&sort=percentage
15-1252.00,Software Developers,DevOps Engineer; Software Engineer,13,C++,10,True,True,https://api-v2.onetcenter.org/online/occupations/15-1252.00/in_demand_skills?start=1&end=2000&sort=percentage
15-1252.00,Software Developers,DevOps Engineer; Software Engineer,14,Google Angular,10,True,True,https://api-v2.onetcenter.org/online/occupations/15-1252.00/in_demand_skills?start=1&end=2000&sort=percentage
15-1252.00,Software Developers,DevOps Engineer; Software Engineer,15,Cascading style sheets CSS,9,True,True,https://api-v2.onetcenter.org/online/occupations/15-1252.00/in_demand_skills?start=1&end=2000&sort=percentage
15-1252.00,Software Developers,DevOps Engineer; Software Engineer,16,Linux,9,True,True,https://api-v2.onetcenter.org/online/occupations/15-1252.00/in_demand_skills?start=1&end=2000&sort=percentage
15-1252.00,Software Developers,DevOps Engineer; Software Engineer,17,Jenkins CI,8,True,True,https://api-v2.onetcenter.org/online/occupations/15-1252.00/in_demand_skills?start=1&end=2000&sort=percentage
15-1252.00,Software Developers,DevOps Engineer; Software Engineer,18,Hypertext markup language HTML,8,True,True,https://api-v2.onetcenter.org/online/occupations/15-1252.00/in_demand_skills?start=1&end=2000&sort=percentage
15-1252.00,Software Developers,DevOps Engineer; Software Engineer,19,TypeScript,8,True,True,https://api-v2.onetcenter.org/online/occupations/15-1252.00/in_demand_skills?start=1&end=2000&sort=percentage
15-1252.00,Software Developers,DevOps Engineer; Software Engineer,20,Node.js,7,True,True,https://api-v2.onetcenter.org/online/occupations/15-1252.00/in_demand_skills?start=1&end=2000&sort=percentage
15-1252.00,Software Developers,DevOps Engineer; Software Engineer,21,Atlassian JIRA,7,True,True,https://api-v2.onetcenter.org/online/occupations/15-1252.00/in_demand_skills?start=1&end=2000&sort=percentage
15-1252.00,Software Developers,DevOps Engineer; Software Engineer,22,GitHub,7,True,True,https://api-v2.onetcenter.org/online/occupations/15-1252.00/in_demand_skills?start=1&end=2000&sort=percentage
15-1252.00,Software Developers,DevOps Engineer; Software Engineer,23,NoSQL,7,True,True,https://api-v2.onetcenter.org/online/occupations/15-1252.00/in_demand_skills?start=1&end=2000&sort=percentage
15-1252.00,Software Developers,DevOps Engineer; Software Engineer,24,PostgreSQL,6,True,True,https://api-v2.onetcenter.org/online/occupations/15-1252.00/in_demand_skills?start=1&end=2000&sort=percentage
15-1252.00,Software Developers,DevOps Engineer; Software Engineer,25,IBM Terraform,6,True,True,https://api-v2.onetcenter.org/online/occupations/15-1252.00/in_demand_skills?start=1&end=2000&sort=percentage
15-1252.00,Software Developers,DevOps Engineer; Software Engineer,26,Apache Kafka,6,True,True,https://api-v2.onetcenter.org/online/occupations/15-1252.00/in_demand_skills?start=1&end=2000&sort=percentage
15-1252.00,Software Developers,DevOps Engineer; Software Engineer,27,C,6,True,True,https://api-v2.onetcenter.org/online/occupations/15-1252.00/in_demand_skills?start=1&end=2000&sort=percentage
15-1252.00,Software Developers,DevOps Engineer; Software Engineer,28,Spring Boot,5,True,True,https://api-v2.onetcenter.org/online/occupations/15-1252.00/in_demand_skills?start=1&end=2000&sort=percentage
15-1252.00,Software Developers,DevOps Engineer; Software Engineer,29,Go,5,True,True,https://api-v2.onetcenter.org/online/occupations/15-1252.00/in_demand_skills?start=1&end=2000&sort=percentage
15-1252.00,Software Developers,DevOps Engineer; Software Engineer,30,Spring Framework,5,True,True,https://api-v2.onetcenter.org/online/occupations/15-1252.00/in_demand_skills?start=1&end=2000&sort=percentage
15-1255.00,Web and Digital Interface Designers,UI / UX Designer; Web Designer,1,Figma,37,True,True,https://api-v2.onetcenter.org/online/occupations/15-1255.00/in_demand_skills?start=1&end=2000&sort=percentage
15-1255.00,Web and Digital Interface Designers,UI / UX Designer; Web Designer,2,Cascading style sheets CSS,20,True,True,https://api-v2.onetcenter.org/online/occupations/15-1255.00/in_demand_skills?start=1&end=2000&sort=percentage
15-1255.00,Web and Digital Interface Designers,UI / UX Designer; Web Designer,3,JavaScript,19,True,True,https://api-v2.onetcenter.org/online/occupations/15-1255.00/in_demand_skills?start=1&end=2000&sort=percentage
15-1255.00,Web and Digital Interface Designers,UI / UX Designer; Web Designer,4,Hypertext markup language HTML,17,True,True,https://api-v2.onetcenter.org/online/occupations/15-1255.00/in_demand_skills?start=1&end=2000&sort=percentage
15-1255.00,Web and Digital Interface Designers,UI / UX Designer; Web Designer,5,React,10,True,True,https://api-v2.onetcenter.org/online/occupations/15-1255.00/in_demand_skills?start=1&end=2000&sort=percentage
15-1255.00,Web and Digital Interface Designers,UI / UX Designer; Web Designer,6,Adobe Creative Cloud software,8,True,True,https://api-v2.onetcenter.org/online/occupations/15-1255.00/in_demand_skills?start=1&end=2000&sort=percentage
15-1255.00,Web and Digital Interface Designers,UI / UX Designer; Web Designer,7,Adobe XD,7,,True,https://api-v2.onetcenter.org/online/occupations/15-1255.00/in_demand_skills?start=1&end=2000&sort=percentage
15-1255.00,Web and Digital Interface Designers,UI / UX Designer; Web Designer,8,Google Angular,7,True,True,https://api-v2.onetcenter.org/online/occupations/15-1255.00/in_demand_skills?start=1&end=2000&sort=percentage
15-1255.00,Web and Digital Interface Designers,UI / UX Designer; Web Designer,9,Adobe Photoshop,7,True,True,https://api-v2.onetcenter.org/online/occupations/15-1255.00/in_demand_skills?start=1&end=2000&sort=percentage
15-1255.00,Web and Digital Interface Designers,UI / UX Designer; Web Designer,10,Adobe Illustrator,6,True,True,https://api-v2.onetcenter.org/online/occupations/15-1255.00/in_demand_skills?start=1&end=2000&sort=percentage
15-1255.00,Web and Digital Interface Designers,UI / UX Designer; Web Designer,11,TypeScript,5,True,True,https://api-v2.onetcenter.org/online/occupations/15-1255.00/in_demand_skills?start=1&end=2000&sort=percentage
15-1255.00,Web and Digital Interface Designers,UI / UX Designer; Web Designer,12,Atlassian JIRA,5,True,True,https://api-v2.onetcenter.org/online/occupations/15-1255.00/in_demand_skills?start=1&end=2000&sort=percentage
15-1299.05,Information Security Engineers,Cyber Security Architect; Cyber Security Engineer,1,Amazon Web Services AWS software,24,True,True,https://api-v2.onetcenter.org/online/occupations/15-1299.05/in_demand_skills?start=1&end=2000&sort=percentage
15-1299.05,Information Security Engineers,Cyber Security Architect; Cyber Security Engineer,2,Microsoft Azure software,23,True,True,https://api-v2.onetcenter.org/online/occupations/15-1299.05/in_demand_skills?start=1&end=2000&sort=percentage
15-1299.05,Information Security Engineers,Cyber Security Architect; Cyber Security Engineer,3,Firewall software,21,,True,https://api-v2.onetcenter.org/online/occupations/15-1299.05/in_demand_skills?start=1&end=2000&sort=percentage
15-1299.05,Information Security Engineers,Cyber Security Architect; Cyber Security Engineer,4,Python,21,True,True,https://api-v2.onetcenter.org/online/occupations/15-1299.05/in_demand_skills?start=1&end=2000&sort=percentage
15-1299.05,Information Security Engineers,Cyber Security Architect; Cyber Security Engineer,5,Linux,13,True,True,https://api-v2.onetcenter.org/online/occupations/15-1299.05/in_demand_skills?start=1&end=2000&sort=percentage
15-1299.05,Information Security Engineers,Cyber Security Architect; Cyber Security Engineer,6,Microsoft PowerShell,10,True,True,https://api-v2.onetcenter.org/online/occupations/15-1299.05/in_demand_skills?start=1&end=2000&sort=percentage
15-1299.05,Information Security Engineers,Cyber Security Architect; Cyber Security Engineer,7,Splunk Enterprise,8,True,True,https://api-v2.onetcenter.org/online/occupations/15-1299.05/in_demand_skills?start=1&end=2000&sort=percentage
15-1299.05,Information Security Engineers,Cyber Security Architect; Cyber Security Engineer,8,Microsoft Active Directory,7,True,True,https://api-v2.onetcenter.org/online/occupations/15-1299.05/in_demand_skills?start=1&end=2000&sort=percentage
15-1299.05,Information Security Engineers,Cyber Security Architect; Cyber Security Engineer,9,Oracle Java,6,True,True,https://api-v2.onetcenter.org/online/occupations/15-1299.05/in_demand_skills?start=1&end=2000&sort=percentage
15-1299.05,Information Security Engineers,Cyber Security Architect; Cyber Security Engineer,10,IBM Terraform,6,True,True,https://api-v2.onetcenter.org/online/occupations/15-1299.05/in_demand_skills?start=1&end=2000&sort=percentage
15-1299.05,Information Security Engineers,Cyber Security Architect; Cyber Security Engineer,11,Kubernetes,6,True,True,https://api-v2.onetcenter.org/online/occupations/15-1299.05/in_demand_skills?start=1&end=2000&sort=percentage
15-1299.05,Information Security Engineers,Cyber Security Architect; Cyber Security Engineer,12,Bash,5,True,True,https://api-v2.onetcenter.org/online/occupations/15-1299.05/in_demand_skills?start=1&end=2000&sort=percentage
15-1299.05,Information Security Engineers,Cyber Security Architect; Cyber Security Engineer,13,Single sign-on SSO,5,,True,https://api-v2.onetcenter.org/online/occupations/15-1299.05/in_demand_skills?start=1&end=2000&sort=percentage
15-1299.08,Computer Systems Engineers/Architects,Cloud Engineer,1,Python,31,True,True,https://api-v2.onetcenter.org/online/occupations/15-1299.08/in_demand_skills?start=1&end=2000&sort=percentage
15-1299.08,Computer Systems Engineers/Architects,Cloud Engineer,2,Amazon Web Services AWS software,31,True,True,https://api-v2.onetcenter.org/online/occupations/15-1299.08/in_demand_skills?start=1&end=2000&sort=percentage
15-1299.08,Computer Systems Engineers/Architects,Cloud Engineer,3,Microsoft Azure software,26,True,True,https://api-v2.onetcenter.org/online/occupations/15-1299.08/in_demand_skills?start=1&end=2000&sort=percentage
15-1299.08,Computer Systems Engineers/Architects,Cloud Engineer,4,IBM Terraform,18,True,True,https://api-v2.onetcenter.org/online/occupations/15-1299.08/in_demand_skills?start=1&end=2000&sort=percentage
15-1299.08,Computer Systems Engineers/Architects,Cloud Engineer,5,Kubernetes,17,True,True,https://api-v2.onetcenter.org/online/occupations/15-1299.08/in_demand_skills?start=1&end=2000&sort=percentage
15-1299.08,Computer Systems Engineers/Architects,Cloud Engineer,6,Linux,14,True,True,https://api-v2.onetcenter.org/online/occupations/15-1299.08/in_demand_skills?start=1&end=2000&sort=percentage
15-1299.08,Computer Systems Engineers/Architects,Cloud Engineer,7,Docker,12,True,True,https://api-v2.onetcenter.org/online/occupations/15-1299.08/in_demand_skills?start=1&end=2000&sort=percentage
15-1299.08,Computer Systems Engineers/Architects,Cloud Engineer,8,Structured query language SQL,12,True,True,https://api-v2.onetcenter.org/online/occupations/15-1299.08/in_demand_skills?start=1&end=2000&sort=percentage
15-1299.08,Computer Systems Engineers/Architects,Cloud Engineer,9,Oracle Java,11,True,True,https://api-v2.onetcenter.org/online/occupations/15-1299.08/in_demand_skills?start=1&end=2000&sort=percentage
15-1299.08,Computer Systems Engineers/Architects,Cloud Engineer,10,Ansible software,10,True,True,https://api-v2.onetcenter.org/online/occupations/15-1299.08/in_demand_skills?start=1&end=2000&sort=percentage
15-1299.08,Computer Systems Engineers/Architects,Cloud Engineer,11,Microsoft PowerShell,10,True,True,https://api-v2.onetcenter.org/online/occupations/15-1299.08/in_demand_skills?start=1&end=2000&sort=percentage
15-1299.08,Computer Systems Engineers/Architects,Cloud Engineer,12,Bash,8,True,True,https://api-v2.onetcenter.org/online/occupations/15-1299.08/in_demand_skills?start=1&end=2000&sort=percentage
15-1299.08,Computer Systems Engineers/Architects,Cloud Engineer,13,Jenkins CI,7,True,True,https://api-v2.onetcenter.org/online/occupations/15-1299.08/in_demand_skills?start=1&end=2000&sort=percentage
15-1299.08,Computer Systems Engineers/Architects,Cloud Engineer,14,Atlassian JIRA,7,True,True,https://api-v2.onetcenter.org/online/occupations/15-1299.08/in_demand_skills?start=1&end=2000&sort=percentage
15-1299.08,Computer Systems Engineers/Architects,Cloud Engineer,15,GitHub,7,True,True,https://api-v2.onetcenter.org/online/occupations/15-1299.08/in_demand_skills?start=1&end=2000&sort=percentage
15-1299.08,Computer Systems Engineers/Architects,Cloud Engineer,16,C++,7,True,True,https://api-v2.onetcenter.org/online/occupations/15-1299.08/in_demand_skills?start=1&end=2000&sort=percentage
15-1299.08,Computer Systems Engineers/Architects,Cloud Engineer,17,Go,7,True,True,https://api-v2.onetcenter.org/online/occupations/15-1299.08/in_demand_skills?start=1&end=2000&sort=percentage
15-1299.08,Computer Systems Engineers/Architects,Cloud Engineer,18,Git,6,True,True,https://api-v2.onetcenter.org/online/occupations/15-1299.08/in_demand_skills?start=1&end=2000&sort=percentage
15-1299.08,Computer Systems Engineers/Architects,Cloud Engineer,19,JavaScript,6,True,True,https://api-v2.onetcenter.org/online/occupations/15-1299.08/in_demand_skills?start=1&end=2000&sort=percentage
15-1299.08,Computer Systems Engineers/Architects,Cloud Engineer,20,Amazon Web Services AWS CloudFormation,6,True,True,https://api-v2.onetcenter.org/online/occupations/15-1299.08/in_demand_skills?start=1&end=2000&sort=percentage
15-1299.08,Computer Systems Engineers/Architects,Cloud Engineer,21,Microsoft Active Directory,5,True,True,https://api-v2.onetcenter.org/online/occupations/15-1299.08/in_demand_skills?start=1&end=2000&sort=percentage
15-1299.08,Computer Systems Engineers/Architects,Cloud Engineer,22,Firewall software,5,,True,https://api-v2.onetcenter.org/online/occupations/15-1299.08/in_demand_skills?start=1&end=2000&sort=percentage
15-2051.00,Data Scientists,Data Scientist,1,Python,66,True,True,https://api-v2.onetcenter.org/online/occupations/15-2051.00/in_demand_skills?start=1&end=2000&sort=percentage
15-2051.00,Data Scientists,Data Scientist,2,Structured query language SQL,51,True,True,https://api-v2.onetcenter.org/online/occupations/15-2051.00/in_demand_skills?start=1&end=2000&sort=percentage
15-2051.00,Data Scientists,Data Scientist,3,R,34,True,True,https://api-v2.onetcenter.org/online/occupations/15-2051.00/in_demand_skills?start=1&end=2000&sort=percentage
15-2051.00,Data Scientists,Data Scientist,4,Tableau,22,True,True,https://api-v2.onetcenter.org/online/occupations/15-2051.00/in_demand_skills?start=1&end=2000&sort=percentage
15-2051.00,Data Scientists,Data Scientist,5,Microsoft Power BI,19,True,True,https://api-v2.onetcenter.org/online/occupations/15-2051.00/in_demand_skills?start=1&end=2000&sort=percentage
15-2051.00,Data Scientists,Data Scientist,6,Amazon Web Services AWS software,17,True,True,https://api-v2.onetcenter.org/online/occupations/15-2051.00/in_demand_skills?start=1&end=2000&sort=percentage
15-2051.00,Data Scientists,Data Scientist,7,Microsoft Azure software,13,True,True,https://api-v2.onetcenter.org/online/occupations/15-2051.00/in_demand_skills?start=1&end=2000&sort=percentage
15-2051.00,Data Scientists,Data Scientist,8,TensorFlow,11,True,True,https://api-v2.onetcenter.org/online/occupations/15-2051.00/in_demand_skills?start=1&end=2000&sort=percentage
15-2051.00,Data Scientists,Data Scientist,9,PyTorch,10,True,True,https://api-v2.onetcenter.org/online/occupations/15-2051.00/in_demand_skills?start=1&end=2000&sort=percentage
15-2051.00,Data Scientists,Data Scientist,10,SAS,9,True,True,https://api-v2.onetcenter.org/online/occupations/15-2051.00/in_demand_skills?start=1&end=2000&sort=percentage
15-2051.00,Data Scientists,Data Scientist,11,Scikit-learn,9,,True,https://api-v2.onetcenter.org/online/occupations/15-2051.00/in_demand_skills?start=1&end=2000&sort=percentage
15-2051.00,Data Scientists,Data Scientist,12,Microsoft Excel,8,True,True,https://api-v2.onetcenter.org/online/occupations/15-2051.00/in_demand_skills?start=1&end=2000&sort=percentage
15-2051.00,Data Scientists,Data Scientist,13,Snowflake,8,True,True,https://api-v2.onetcenter.org/online/occupations/15-2051.00/in_demand_skills?start=1&end=2000&sort=percentage
15-2051.00,Data Scientists,Data Scientist,14,Apache Spark,7,True,True,https://api-v2.onetcenter.org/online/occupations/15-2051.00/in_demand_skills?start=1&end=2000&sort=percentage
15-2051.00,Data Scientists,Data Scientist,15,pandas,6,,True,https://api-v2.onetcenter.org/online/occupations/15-2051.00/in_demand_skills?start=1&end=2000&sort=percentage
15-2051.00,Data Scientists,Data Scientist,16,Apache Hadoop,6,True,True,https://api-v2.onetcenter.org/online/occupations/15-2051.00/in_demand_skills?start=1&end=2000&sort=percentage
15-2051.00,Data Scientists,Data Scientist,17,C++,6,True,True,https://api-v2.onetcenter.org/online/occupations/15-2051.00/in_demand_skills?start=1&end=2000&sort=percentage
15-2051.00,Data Scientists,Data Scientist,18,Git,5,True,True,https://api-v2.onetcenter.org/online/occupations/15-2051.00/in_demand_skills?start=1&end=2000&sort=percentage
15-2051.00,Data Scientists,Data Scientist,19,Microsoft PowerPoint,5,True,True,https://api-v2.onetcenter.org/online/occupations/15-2051.00/in_demand_skills?start=1&end=2000&sort=percentage
15-2051.00,Data Scientists,Data Scientist,20,The MathWorks MATLAB,5,True,True,https://api-v2.onetcenter.org/online/occupations/15-2051.00/in_demand_skills?start=1&end=2000&sort=percentage
15-2051.00,Data Scientists,Data Scientist,21,NumPy,5,,True,https://api-v2.onetcenter.org/online/occupations/15-2051.00/in_demand_skills?start=1&end=2000&sort=percentage
15-2051.01,Business Intelligence Analysts,Data Analyst,1,Structured query language SQL,35,True,True,https://api-v2.onetcenter.org/online/occupations/15-2051.01/in_demand_skills?start=1&end=2000&sort=percentage
15-2051.01,Business Intelligence Analysts,Data Analyst,2,Microsoft Power BI,20,True,True,https://api-v2.onetcenter.org/online/occupations/15-2051.01/in_demand_skills?start=1&end=2000&sort=percentage
15-2051.01,Business Intelligence Analysts,Data Analyst,3,Python,20,True,True,https://api-v2.onetcenter.org/online/occupations/15-2051.01/in_demand_skills?start=1&end=2000&sort=percentage
15-2051.01,Business Intelligence Analysts,Data Analyst,4,Tableau,19,True,True,https://api-v2.onetcenter.org/online/occupations/15-2051.01/in_demand_skills?start=1&end=2000&sort=percentage
15-2051.01,Business Intelligence Analysts,Data Analyst,5,SAP software,19,True,True,https://api-v2.onetcenter.org/online/occupations/15-2051.01/in_demand_skills?start=1&end=2000&sort=percentage
15-2051.01,Business Intelligence Analysts,Data Analyst,6,Microsoft Excel,17,True,True,https://api-v2.onetcenter.org/online/occupations/15-2051.01/in_demand_skills?start=1&end=2000&sort=percentage
15-2051.01,Business Intelligence Analysts,Data Analyst,7,R,10,True,True,https://api-v2.onetcenter.org/online/occupations/15-2051.01/in_demand_skills?start=1&end=2000&sort=percentage
15-2051.01,Business Intelligence Analysts,Data Analyst,8,Amazon Web Services AWS software,9,True,True,https://api-v2.onetcenter.org/online/occupations/15-2051.01/in_demand_skills?start=1&end=2000&sort=percentage
15-2051.01,Business Intelligence Analysts,Data Analyst,9,Microsoft PowerPoint,8,True,True,https://api-v2.onetcenter.org/online/occupations/15-2051.01/in_demand_skills?start=1&end=2000&sort=percentage
15-2051.01,Business Intelligence Analysts,Data Analyst,10,Microsoft Office software,8,True,True,https://api-v2.onetcenter.org/online/occupations/15-2051.01/in_demand_skills?start=1&end=2000&sort=percentage
15-2051.01,Business Intelligence Analysts,Data Analyst,11,Microsoft Azure software,8,True,True,https://api-v2.onetcenter.org/online/occupations/15-2051.01/in_demand_skills?start=1&end=2000&sort=percentage
15-2051.01,Business Intelligence Analysts,Data Analyst,12,Snowflake,5,True,True,https://api-v2.onetcenter.org/online/occupations/15-2051.01/in_demand_skills?start=1&end=2000&sort=percentage
15-2051.01,Business Intelligence Analysts,Data Analyst,13,SAS,5,True,True,https://api-v2.onetcenter.org/online/occupations/15-2051.01/in_demand_skills?start=1&end=2000&sort=percentage
15-2051.01,Business Intelligence Analysts,Data Analyst,14,Salesforce software,5,True,True,https://api-v2.onetcenter.org/online/occupations/15-2051.01/in_demand_skills?start=1&end=2000&sort=percentage
17-2051.00,Civil Engineers,Civil Engineer,1,Autodesk AutoCAD,22,True,True,https://api-v2.onetcenter.org/online/occupations/17-2051.00/in_demand_skills?start=1&end=2000&sort=percentage
17-2051.00,Civil Engineers,Civil Engineer,2,Microsoft Office software,18,True,True,https://api-v2.onetcenter.org/online/occupations/17-2051.00/in_demand_skills?start=1&end=2000&sort=percentage
17-2051.00,Civil Engineers,Civil Engineer,3,Autodesk AutoCAD Civil 3D,16,True,True,https://api-v2.onetcenter.org/online/occupations/17-2051.00/in_demand_skills?start=1&end=2000&sort=percentage
17-2051.00,Civil Engineers,Civil Engineer,4,Microsoft Excel,12,True,True,https://api-v2.onetcenter.org/online/occupations/17-2051.00/in_demand_skills?start=1&end=2000&sort=percentage
17-2051.00,Civil Engineers,Civil Engineer,5,Bentley MicroStation,10,True,True,https://api-v2.onetcenter.org/online/occupations/17-2051.00/in_demand_skills?start=1&end=2000&sort=percentage
17-2051.00,Civil Engineers,Civil Engineer,6,Autodesk Revit,8,True,True,https://api-v2.onetcenter.org/online/occupations/17-2051.00/in_demand_skills?start=1&end=2000&sort=percentage
17-2051.00,Civil Engineers,Civil Engineer,7,Microsoft Outlook,7,True,True,https://api-v2.onetcenter.org/online/occupations/17-2051.00/in_demand_skills?start=1&end=2000&sort=percentage
17-2051.00,Civil Engineers,Civil Engineer,8,Microsoft PowerPoint,5,True,True,https://api-v2.onetcenter.org/online/occupations/17-2051.00/in_demand_skills?start=1&end=2000&sort=percentage
17-2071.00,Electrical Engineers,Electrical Engineer,1,Autodesk AutoCAD,20,True,True,https://api-v2.onetcenter.org/online/occupations/17-2071.00/in_demand_skills?start=1&end=2000&sort=percentage
17-2071.00,Electrical Engineers,Electrical Engineer,2,Microsoft Office software,12,True,True,https://api-v2.onetcenter.org/online/occupations/17-2071.00/in_demand_skills?start=1&end=2000&sort=percentage
17-2071.00,Electrical Engineers,Electrical Engineer,3,Python,9,True,True,https://api-v2.onetcenter.org/online/occupations/17-2071.00/in_demand_skills?start=1&end=2000&sort=percentage
17-2071.00,Electrical Engineers,Electrical Engineer,4,Microsoft Excel,9,True,True,https://api-v2.onetcenter.org/online/occupations/17-2071.00/in_demand_skills?start=1&end=2000&sort=percentage
17-2071.00,Electrical Engineers,Electrical Engineer,5,Autodesk Revit,8,True,True,https://api-v2.onetcenter.org/online/occupations/17-2071.00/in_demand_skills?start=1&end=2000&sort=percentage
17-2071.00,Electrical Engineers,Electrical Engineer,6,The MathWorks MATLAB,6,True,True,https://api-v2.onetcenter.org/online/occupations/17-2071.00/in_demand_skills?start=1&end=2000&sort=percentage
17-2071.00,Electrical Engineers,Electrical Engineer,7,ETAP,6,,True,https://api-v2.onetcenter.org/online/occupations/17-2071.00/in_demand_skills?start=1&end=2000&sort=percentage
17-2071.00,Electrical Engineers,Electrical Engineer,8,SKM Systems Analysis Power Tools,6,,True,https://api-v2.onetcenter.org/online/occupations/17-2071.00/in_demand_skills?start=1&end=2000&sort=percentage
17-2071.00,Electrical Engineers,Electrical Engineer,9,C++,6,True,True,https://api-v2.onetcenter.org/online/occupations/17-2071.00/in_demand_skills?start=1&end=2000&sort=percentage
17-2071.00,Electrical Engineers,Electrical Engineer,10,Microsoft PowerPoint,5,True,True,https://api-v2.onetcenter.org/online/occupations/17-2071.00/in_demand_skills?start=1&end=2000&sort=percentage
17-2112.00,Industrial Engineers,Industrial Engineer,1,Microsoft Excel,16,True,True,https://api-v2.onetcenter.org/online/occupations/17-2112.00/in_demand_skills?start=1&end=2000&sort=percentage
17-2112.00,Industrial Engineers,Industrial Engineer,2,Microsoft Office software,15,True,True,https://api-v2.onetcenter.org/online/occupations/17-2112.00/in_demand_skills?start=1&end=2000&sort=percentage
17-2112.00,Industrial Engineers,Industrial Engineer,3,Microsoft PowerPoint,10,True,True,https://api-v2.onetcenter.org/online/occupations/17-2112.00/in_demand_skills?start=1&end=2000&sort=percentage
17-2112.00,Industrial Engineers,Industrial Engineer,4,Autodesk AutoCAD,9,True,True,https://api-v2.onetcenter.org/online/occupations/17-2112.00/in_demand_skills?start=1&end=2000&sort=percentage
17-2112.00,Industrial Engineers,Industrial Engineer,5,SAP software,6,True,True,https://api-v2.onetcenter.org/online/occupations/17-2112.00/in_demand_skills?start=1&end=2000&sort=percentage
17-2112.00,Industrial Engineers,Industrial Engineer,6,Structured query language SQL,5,True,True,https://api-v2.onetcenter.org/online/occupations/17-2112.00/in_demand_skills?start=1&end=2000&sort=percentage
17-2141.00,Mechanical Engineers,Mechanical Engineer,1,Dassault Systemes SolidWorks,17,True,True,https://api-v2.onetcenter.org/online/occupations/17-2141.00/in_demand_skills?start=1&end=2000&sort=percentage
17-2141.00,Mechanical Engineers,Mechanical Engineer,2,Autodesk AutoCAD,16,True,True,https://api-v2.onetcenter.org/online/occupations/17-2141.00/in_demand_skills?start=1&end=2000&sort=percentage
17-2141.00,Mechanical Engineers,Mechanical Engineer,3,Microsoft Office software,13,True,True,https://api-v2.onetcenter.org/online/occupations/17-2141.00/in_demand_skills?start=1&end=2000&sort=percentage
17-2141.00,Mechanical Engineers,Mechanical Engineer,4,Autodesk Revit,11,True,True,https://api-v2.onetcenter.org/online/occupations/17-2141.00/in_demand_skills?start=1&end=2000&sort=percentage
17-2141.00,Mechanical Engineers,Mechanical Engineer,5,Microsoft Excel,10,True,True,https://api-v2.onetcenter.org/online/occupations/17-2141.00/in_demand_skills?start=1&end=2000&sort=percentage
17-2141.00,Mechanical Engineers,Mechanical Engineer,6,Python,6,True,True,https://api-v2.onetcenter.org/online/occupations/17-2141.00/in_demand_skills?start=1&end=2000&sort=percentage
17-2141.00,Mechanical Engineers,Mechanical Engineer,7,Microsoft PowerPoint,6,True,True,https://api-v2.onetcenter.org/online/occupations/17-2141.00/in_demand_skills?start=1&end=2000&sort=percentage
17-2141.00,Mechanical Engineers,Mechanical Engineer,8,PTC Creo Parametric,5,,True,https://api-v2.onetcenter.org/online/occupations/17-2141.00/in_demand_skills?start=1&end=2000&sort=percentage
17-2141.00,Mechanical Engineers,Mechanical Engineer,9,Microsoft Outlook,5,True,True,https://api-v2.onetcenter.org/online/occupations/17-2141.00/in_demand_skills?start=1&end=2000&sort=percentage
27-1014.00,Special Effects Artists and Animators,Multimedia Designer,1,Adobe Photoshop,49,True,True,https://api-v2.onetcenter.org/online/occupations/27-1014.00/in_demand_skills?start=1&end=2000&sort=percentage
27-1014.00,Special Effects Artists and Animators,Multimedia Designer,2,Adobe Illustrator,43,True,True,https://api-v2.onetcenter.org/online/occupations/27-1014.00/in_demand_skills?start=1&end=2000&sort=percentage
27-1014.00,Special Effects Artists and Animators,Multimedia Designer,3,Adobe Creative Cloud software,37,True,True,https://api-v2.onetcenter.org/online/occupations/27-1014.00/in_demand_skills?start=1&end=2000&sort=percentage
27-1014.00,Special Effects Artists and Animators,Multimedia Designer,4,Adobe After Effects,32,True,True,https://api-v2.onetcenter.org/online/occupations/27-1014.00/in_demand_skills?start=1&end=2000&sort=percentage
27-1014.00,Special Effects Artists and Animators,Multimedia Designer,5,Adobe InDesign,26,True,True,https://api-v2.onetcenter.org/online/occupations/27-1014.00/in_demand_skills?start=1&end=2000&sort=percentage
27-1014.00,Special Effects Artists and Animators,Multimedia Designer,6,Figma,17,True,True,https://api-v2.onetcenter.org/online/occupations/27-1014.00/in_demand_skills?start=1&end=2000&sort=percentage
27-1014.00,Special Effects Artists and Animators,Multimedia Designer,7,Adobe Premiere Pro,17,,True,https://api-v2.onetcenter.org/online/occupations/27-1014.00/in_demand_skills?start=1&end=2000&sort=percentage
27-1014.00,Special Effects Artists and Animators,Multimedia Designer,8,Autodesk Maya,15,,True,https://api-v2.onetcenter.org/online/occupations/27-1014.00/in_demand_skills?start=1&end=2000&sort=percentage
27-1014.00,Special Effects Artists and Animators,Multimedia Designer,9,Microsoft PowerPoint,15,True,True,https://api-v2.onetcenter.org/online/occupations/27-1014.00/in_demand_skills?start=1&end=2000&sort=percentage
27-1014.00,Special Effects Artists and Animators,Multimedia Designer,10,Microsoft Office software,10,True,True,https://api-v2.onetcenter.org/online/occupations/27-1014.00/in_demand_skills?start=1&end=2000&sort=percentage
27-1014.00,Special Effects Artists and Animators,Multimedia Designer,11,Hypertext markup language HTML,9,True,True,https://api-v2.onetcenter.org/online/occupations/27-1014.00/in_demand_skills?start=1&end=2000&sort=percentage
27-1014.00,Special Effects Artists and Animators,Multimedia Designer,12,Maxon Cinema 4D,8,,True,https://api-v2.onetcenter.org/online/occupations/27-1014.00/in_demand_skills?start=1&end=2000&sort=percentage
27-1014.00,Special Effects Artists and Animators,Multimedia Designer,13,Cascading style sheets CSS,8,True,True,https://api-v2.onetcenter.org/online/occupations/27-1014.00/in_demand_skills?start=1&end=2000&sort=percentage
27-1014.00,Special Effects Artists and Animators,Multimedia Designer,14,Unreal Technology Unreal Engine,7,,True,https://api-v2.onetcenter.org/online/occupations/27-1014.00/in_demand_skills?start=1&end=2000&sort=percentage
27-1014.00,Special Effects Artists and Animators,Multimedia Designer,15,Microsoft Excel,6,True,True,https://api-v2.onetcenter.org/online/occupations/27-1014.00/in_demand_skills?start=1&end=2000&sort=percentage
27-1014.00,Special Effects Artists and Animators,Multimedia Designer,16,Unity Technologies Unity,6,,True,https://api-v2.onetcenter.org/online/occupations/27-1014.00/in_demand_skills?start=1&end=2000&sort=percentage
27-1014.00,Special Effects Artists and Animators,Multimedia Designer,17,Canva,6,True,True,https://api-v2.onetcenter.org/online/occupations/27-1014.00/in_demand_skills?start=1&end=2000&sort=percentage
27-1014.00,Special Effects Artists and Animators,Multimedia Designer,18,SideFX Houdini,5,,True,https://api-v2.onetcenter.org/online/occupations/27-1014.00/in_demand_skills?start=1&end=2000&sort=percentage
27-1024.00,Graphic Designers,Graphic Designer,1,Adobe Illustrator,62,True,True,https://api-v2.onetcenter.org/online/occupations/27-1024.00/in_demand_skills?start=1&end=2000&sort=percentage
27-1024.00,Graphic Designers,Graphic Designer,2,Adobe Photoshop,61,True,True,https://api-v2.onetcenter.org/online/occupations/27-1024.00/in_demand_skills?start=1&end=2000&sort=percentage
27-1024.00,Graphic Designers,Graphic Designer,3,Adobe InDesign,49,True,True,https://api-v2.onetcenter.org/online/occupations/27-1024.00/in_demand_skills?start=1&end=2000&sort=percentage
27-1024.00,Graphic Designers,Graphic Designer,4,Adobe Creative Cloud software,47,True,True,https://api-v2.onetcenter.org/online/occupations/27-1024.00/in_demand_skills?start=1&end=2000&sort=percentage
27-1024.00,Graphic Designers,Graphic Designer,5,Microsoft PowerPoint,18,True,True,https://api-v2.onetcenter.org/online/occupations/27-1024.00/in_demand_skills?start=1&end=2000&sort=percentage
27-1024.00,Graphic Designers,Graphic Designer,6,Microsoft Office software,16,True,True,https://api-v2.onetcenter.org/online/occupations/27-1024.00/in_demand_skills?start=1&end=2000&sort=percentage
27-1024.00,Graphic Designers,Graphic Designer,7,Adobe After Effects,16,True,True,https://api-v2.onetcenter.org/online/occupations/27-1024.00/in_demand_skills?start=1&end=2000&sort=percentage
27-1024.00,Graphic Designers,Graphic Designer,8,Figma,11,True,True,https://api-v2.onetcenter.org/online/occupations/27-1024.00/in_demand_skills?start=1&end=2000&sort=percentage
27-1024.00,Graphic Designers,Graphic Designer,9,Microsoft Excel,10,True,True,https://api-v2.onetcenter.org/online/occupations/27-1024.00/in_demand_skills?start=1&end=2000&sort=percentage
27-1024.00,Graphic Designers,Graphic Designer,10,Hypertext markup language HTML,8,True,True,https://api-v2.onetcenter.org/online/occupations/27-1024.00/in_demand_skills?start=1&end=2000&sort=percentage
27-1024.00,Graphic Designers,Graphic Designer,11,Adobe Premiere Pro,7,,True,https://api-v2.onetcenter.org/online/occupations/27-1024.00/in_demand_skills?start=1&end=2000&sort=percentage
27-1024.00,Graphic Designers,Graphic Designer,12,Canva,7,True,True,https://api-v2.onetcenter.org/online/occupations/27-1024.00/in_demand_skills?start=1&end=2000&sort=percentage
27-1024.00,Graphic Designers,Graphic Designer,13,Cascading style sheets CSS,5,True,True,https://api-v2.onetcenter.org/online/occupations/27-1024.00/in_demand_skills?start=1&end=2000&sort=percentage
29-9021.00,Health Information Technologists and Medical Registrars,Health Information Manager,1,Microsoft Office software,12,True,True,https://api-v2.onetcenter.org/online/occupations/29-9021.00/in_demand_skills?start=1&end=2000&sort=percentage
29-9021.00,Health Information Technologists and Medical Registrars,Health Information Manager,2,Microsoft Excel,8,True,True,https://api-v2.onetcenter.org/online/occupations/29-9021.00/in_demand_skills?start=1&end=2000&sort=percentage
